ObjectId,Country,ISO2,ISO3,Indicator,Unit,Source,CTS_Code,CTS_Name,CTS_Full_Descriptor,F1961,F1962,F1963,F1964,F1965,F1966,F1967,F1968,F1969,F1970,F1971,F1972,F1973,F1974,F1975,F1976,F1977,F1978,F1979,F1980,F1981,F1982,F1983,F1984,F1985,F1986,F1987,F1988,F1989,F1990,F1991,F1992,F1993,F1994,F1995,F1996,F1997,F1998,F1999,F2000,F2001,F2002,F2003,F2004,F2005,F2006,F2007,F2008,F2009,F2010,F2011,F2012,F2013,F2014,F2015,F2016,F2017,F2018,F2019,F2020,F2021,F2022
1,"Afghanistan, Islamic Rep. of",AF,AFG,"Temperature change with respect to a baseline climatology, corresponding to the period 1951-1980",Degree Celsius,"Food and Agriculture Organization of the United Nations (FAO). 2022. FAOSTAT Climate Change, Climate Indicators, Temperature change. License: CC BY-NC-SA 3.0 IGO. Extracted from: https://www.fao.org/faostat/en/#data/ET. Accessed on 2023-03-28.",ECCS,Surface Temperature Change,"Environment, Climate Change, Climate Indicators, Surface Temperature Change",-0.113,-0.164,0.847,-0.764,-0.244,0.226,-0.371,-0.423,-0.539,0.813,0.619,-1.124,0.232,-0.489,-0.445,-0.286,0.513,0.129,0.361,0.6,0.483,-0.346,0.164,0.145,0.283,-0.141,0.391,0.919,-0.205,0.73,-0.168,-0.294,0.22,0.43,0.359,-0.116,0.471,0.675,1.198,0.993,1.311,1.365,0.587,1.373,0.401,1.72,0.675,0.704,0.895,1.613,1.397,0.223,1.281,0.456,1.093,1.555,1.54,1.544,0.91,0.498,1.327,2.012
2,Albania,AL,ALB,"Temperature change with respect to a baseline climatology, corresponding to the period 1951-1980",Degree Celsius,"Food and Agriculture Organization of the United Nations (FAO). 2022. FAOSTAT Climate Change, Climate Indicators, Temperature change. License: CC BY-NC-SA 3.0 IGO. Extracted from: https://www.fao.org/faostat/en/#data/ET. Accessed on 2023-03-28.",ECCS,Surface Temperature Change,"Environment, Climate Change, Climate Indicators, Surface Temperature Change",0.627,0.326,0.075,-0.166,-0.388,0.559,-0.074,0.081,-0.013,-0.106,-0.195,-0.069,-0.288,-0.139,-0.211,-0.683,0.545,-0.814,0.203,-0.414,-0.351,0.173,-0.128,-0.27,-0.103,0.569,-0.106,0.37,-0.066,0.795,-0.269,0.106,0.076,1.33,-0.172,-0.038,0.075,0.795,0.67,1.065,1.532,0.492,0.97,0.444,0.189,0.345,1.316,0.978,0.91,1.191,1.055,1.487,1.333,1.198,1.569,1.464,1.121,2.028,1.675,1.498,1.536,1.518
3,Algeria,DZ,DZA,"Temperature change with respect to a baseline climatology, corresponding to the period 1951-1980",Degree Celsius,"Food and Agriculture Organization of the United Nations (FAO). 2022. FAOSTAT Climate Change, Climate Indicators, Temperature change. License: CC BY-NC-SA 3.0 IGO. Extracted from: https://www.fao.org/faostat/en/#data/ET. Accessed on 2023-03-28.",ECCS,Surface Temperature Change,"Environment, Climate Change, Climate Indicators, Surface Temperature Change",0.164,0.114,0.077,0.25,-0.1,0.433,-0.026,-0.067,0.291,0.116,-0.385,-0.348,-0.015,-0.503,-0.539,-0.782,0.504,0.012,0.654,0.232,0.215,0.399,0.56,-0.004,0.508,0.296,0.975,1.304,0.386,1.266,0.031,-0.312,0.552,0.732,0.595,0.846,1.059,1.109,1.476,0.82,1.856,1.258,1.585,0.988,1.264,1.395,1.22,1.185,0.945,2.265,1.398,1.147,1.192,1.69,1.121,1.757,1.512,1.21,1.115,1.926,2.33,1.688
4,American Samoa,AS,ASM,"Temperature change with respect to a baseline climatology, corresponding to the period 1951-1980",Degree Celsius,"Food and Agriculture Organization of the United Nations (FAO). 2022. FAOSTAT Climate Change, Climate Indicators, Temperature change. License: CC BY-NC-SA 3.0 IGO. Extracted from: https://www.fao.org/faostat/en/#data/ET. Accessed on 2023-03-28.",ECCS,Surface Temperature Change,"Environment, Climate Change, Climate Indicators, Surface Temperature Change",0.079,-0.042,0.169,-0.14,-0.562,0.181,-0.368,-0.187,0.132,-0.047,-0.477,-0.067,0.33,-0.308,-0.118,-0.177,0.156,0.092,0.341,0.35,0.179,0.28,0.313,0.277,0.256,0.394,0.354,0.509,0.143,0.497,0.641,0.344,-0.069,0.189,0.755,0.784,,,0.242,0.626,0.904,1.152,0.716,0.191,0.801,0.403,1.032,0.67,,1.311,0.854,0.924,1.257,1.17,1.009,1.539,1.435,1.189,1.539,1.43,1.268,1.256
5,"Andorra, Principality of",AD,AND,"Temperature change with respect to a baseline climatology, corresponding to the period 1951-1980",Degree Celsius,"Food and Agriculture Organization of the United Nations (FAO). 2022. FAOSTAT Climate Change, Climate Indicators, Temperature change. License: CC BY-NC-SA 3.0 IGO. Extracted from: https://www.fao.org/faostat/en/#data/ET. Accessed on 2023-03-28.",ECCS,Surface Temperature Change,"Environment, Climate Change, Climate Indicators, Surface Temperature Change",0.736,0.112,-0.752,0.308,-0.49,0.415,0.637,0.018,-0.137,0.121,-0.326,-0.499,0.025,-0.371,0.246,-0.045,-0.093,-0.163,0.058,-0.188,0.178,1.044,0.859,-0.157,0.059,0.387,0.397,0.883,1.162,1.736,0.231,0.386,0.174,1.508,1.279,0.57,1.788,1.018,1.055,1.05,1.48,0.835,1.949,0.936,0.851,1.485,1.024,0.946,1.413,0.471,1.677,1.265,0.831,1.946,1.69,1.99,1.925,1.919,1.964,2.562,1.533,3.243
6,Angola,AO,AGO,"Temperature change with respect to a baseline climatology, corresponding to the period 1951-1980",Degree Celsius,"Food and Agriculture Organization of the United Nations (FAO). 2022. FAOSTAT Climate Change, Climate Indicators, Temperature change. License: CC BY-NC-SA 3.0 IGO. Extracted from: https://www.fao.org/faostat/en/#data/ET. Accessed on 2023-03-28.",ECCS,Surface Temperature Change,"Environment, Climate Change, Climate Indicators, Surface Temperature Change",0.041,-0.152,-0.19,-0.229,-0.196,0.175,-0.081,-0.193,0.188,0.248,-0.097,-0.035,0.475,-0.158,-0.029,-0.313,0.272,0.037,0.291,0.279,-0.071,0.164,0.487,0.631,0.694,0.176,0.689,0.572,-0.055,0.687,0.341,0.466,0.256,0.212,0.753,0.37,0.107,1.064,0.417,0.169,0.295,0.735,0.889,0.414,1.021,0.561,0.885,0.501,0.708,1.194,0.88,0.552,1.044,0.828,1.331,1.609,0.87,1.395,1.752,1.162,1.553,1.212
7,Anguilla,AI,AIA,"Temperature change with respect to a baseline climatology, corresponding to the period 1951-1980",Degree Celsius,"Food and Agriculture Organization of the United Nations (FAO). 2022. FAOSTAT Climate Change, Climate Indicators, Temperature change. License: CC BY-NC-SA 3.0 IGO. Extracted from: https://www.fao.org/faostat/en/#data/ET. Accessed on 2023-03-28.",ECCS,Surface Temperature Change,"Environment, Climate Change, Climate Indicators, Surface Temperature Change",0.086,-0.024,0.234,0.189,-0.365,-0.001,-0.257,-0.2,0.317,0.082,-0.269,-0.179,0.17,-0.37,-0.334,-0.426,0.096,0.13,0.034,0.698,0.532,0.097,0.524,0.105,0.006,0.013,0.569,0.457,-0.002,0.432,0.441,0.365,0.535,0.575,0.651,0.35,0.459,1.06,0.532,0.264,0.587,0.706,0.816,0.521,0.828,0.691,0.957,0.411,0.566,1.09,0.489,0.64,0.77,0.814,1.051,1.125,0.96,0.664,0.843,1.224,0.893,0.839
8,Antigua and Barbuda,AG,ATG,"Temperature change with respect to a baseline climatology, corresponding to the period 1951-1980",Degree Celsius,"Food and Agriculture Organization of the United Nations (FAO). 2022. FAOSTAT Climate Change, Climate Indicators, Temperature change. License: CC BY-NC-SA 3.0 IGO. Extracted from: https://www.fao.org/faostat/en/#data/ET. Accessed on 2023-03-28.",ECCS,Surface Temperature Change,"Environment, Climate Change, Climate Indicators, Surface Temperature Change",0.09,0.031,0.288,0.214,-0.385,0.097,-0.192,-0.225,0.271,0.109,-0.233,-0.214,0.164,-0.377,-0.419,-0.467,0.076,0.161,0.16,0.646,0.564,0.162,0.489,0.009,-0.051,-0.023,0.649,0.395,-0.077,0.417,0.459,0.445,0.528,0.493,0.677,0.377,0.455,1.046,0.541,0.335,,0.634,0.783,0.501,0.843,0.659,0.934,0.394,0.498,1.153,0.586,0.696,0.783,0.744,1.035,1.097,0.958,0.627,0.797,1.131,0.862,0.77
9,Argentina,AR,ARG,"Temperature change with respect to a baseline climatology, corresponding to the period 1951-1980",Degree Celsius,"Food and Agriculture Organization of the United Nations (FAO). 2022. FAOSTAT Climate Change, Climate Indicators, Temperature change. License: CC BY-NC-SA 3.0 IGO. Extracted from: https://www.fao.org/faostat/en/#data/ET. Accessed on 2023-03-28.",ECCS,Surface Temperature Change,"Environment, Climate Change, Climate Indicators, Surface Temperature Change",0.122,-0.046,0.162,-0.343,0.09,-0.163,0.0,0.472,0.292,0.438,-0.26,-0.008,-0.139,-0.106,-0.021,-0.321,0.432,0.362,0.266,0.373,0.378,0.359,0.046,-0.1,0.308,0.46,0.446,-0.192,0.611,0.436,0.261,-0.261,0.086,0.487,0.259,0.512,0.759,0.351,0.16,-0.186,0.425,0.278,0.635,0.47,0.281,0.596,-0.169,0.601,0.857,0.135,0.386,0.798,0.442,0.951,0.957,0.488,1.095,0.878,0.76,1.123,1.031,0.643
10,"Armenia, Rep. of",AM,ARM,"Temperature change with respect to a baseline climatology, corresponding to the period 1951-1980",Degree Celsius,"Food and Agriculture Organization of the United Nations (FAO). 2022. FAOSTAT Climate Change, Climate Indicators, Temperature change. License: CC BY-NC-SA 3.0 IGO. Extracted from: https://www.fao.org/faostat/en/#data/ET. Accessed on 2023-03-28.",ECCS,Surface Temperature Change,"Environment, Climate Change, Climate Indicators, Surface Temperature Change",,,,,,,,,,,,,,,,,,,,,,,,,,,,,,,,-1.31,-0.932,0.481,0.697,0.47,0.599,1.316,1.488,1.031,1.395,1.194,0.141,1.162,0.48,1.621,0.706,0.861,0.706,2.775,0.65,1.247,1.407,1.283,1.931,1.356,0.889,2.772,1.859,1.954,2.087,1.707
11,"Aruba, Kingdom of the Netherlands",AW,ABW,"Temperature change with respect to a baseline climatology, corresponding to the period 1951-1980",Degree Celsius,"Food and Agriculture Organization of the United Nations (FAO). 2022. FAOSTAT Climate Change, Climate Indicators, Temperature change. License: CC BY-NC-SA 3.0 IGO. Extracted from: https://www.fao.org/faostat/en/#data/ET. Accessed on 2023-03-28.",ECCS,Surface Temperature Change,"Environment, Climate Change, Climate Indicators, Surface Temperature Change",-0.1,0.138,0.084,0.271,-0.18,0.122,-0.258,0.055,0.476,0.354,-0.349,-0.02,0.149,-0.448,-0.253,-0.518,0.182,,,0.452,0.469,0.309,0.602,-0.02,-0.076,0.04,0.806,0.388,-0.066,0.279,0.331,,,0.528,0.802,,,,,,,,1.067,0.661,0.836,0.51,0.935,,,1.309,0.509,0.58,1.094,0.986,1.149,,1.303,0.698,1.007,1.281,,
12,Australia,AU,AUS,"Temperature change with respect to a baseline climatology, corresponding to the period 1951-1980",Degree Celsius,"Food and Agriculture Organization of the United Nations (FAO). 2022. FAOSTAT Climate Change, Climate Indicators, Temperature change. License: CC BY-NC-SA 3.0 IGO. Extracted from: https://www.fao.org/faostat/en/#data/ET. Accessed on 2023-03-28.",ECCS,Surface Temperature Change,"Environment, Climate Change, Climate Indicators, Surface Temperature Change",0.157,0.126,-0.096,-0.012,0.14,-0.23,-0.093,-0.203,0.103,-0.007,-0.044,0.091,0.831,-0.354,0.048,-0.522,0.176,0.062,0.375,0.887,0.495,0.186,0.633,-0.157,0.349,0.388,0.363,0.96,0.153,0.549,0.82,0.281,0.484,0.221,0.413,0.604,0.383,1.092,0.58,0.148,0.336,0.736,0.835,0.723,1.211,0.721,0.929,0.625,1.03,0.673,0.208,0.308,1.499,1.198,1.087,1.172,1.141,1.129,1.422,1.416,0.629,0.754
13,Austria,AT,AUT,"Temperature change with respect to a baseline climatology, corresponding to the period 1951-1980",Degree Celsius,"Food and Agriculture Organization of the United Nations (FAO). 2022. FAOSTAT Climate Change, Climate Indicators, Temperature change. License: CC BY-NC-SA 3.0 IGO. Extracted from: https://www.fao.org/faostat/en/#data/ET. Accessed on 2023-03-28.",ECCS,Surface Temperature Change,"Environment, Climate Change, Climate Indicators, Surface Temperature Change",1.031,-0.621,-0.727,-0.371,-0.883,0.602,0.676,0.211,-0.126,-0.55,-0.06,0.103,-0.033,0.314,0.86,0.216,0.499,-0.476,-0.112,-0.274,0.277,0.384,1.062,-0.249,-0.568,0.319,-0.263,0.82,1.104,1.262,0.125,1.248,0.527,1.958,0.939,-0.203,0.514,1.343,0.986,1.769,1.501,1.531,1.464,0.829,0.628,0.907,2.137,1.582,1.544,0.656,1.373,1.783,1.098,2.409,2.167,2.096,1.741,2.524,2.37,2.315,1.395,2.498
14,"Azerbaijan, Rep. of",AZ,AZE,"Temperature change with respect to a baseline climatology, corresponding to the period 1951-1980",Degree Celsius,"Food and Agriculture Organization of the United Nations (FAO). 2022. FAOSTAT Climate Change, Climate Indicators, Temperature change. License: CC BY-NC-SA 3.0 IGO. Extracted from: https://www.fao.org/faostat/en/#data/ET. Accessed on 2023-03-28.",ECCS,Surface Temperature Change,"Environment, Climate Change, Climate Indicators, Surface Temperature Change",,,,,,,,,,,,,,,,,,,,,,,,,,,,,,,,-0.839,-1.009,0.098,1.012,0.244,0.582,1.184,1.224,1.098,1.401,1.432,-0.147,1.303,0.814,1.488,0.958,0.883,0.78,2.327,0.766,1.474,1.574,1.252,1.672,1.53,1.308,2.24,1.997,2.015,2.061,2.08
15,"Bahamas, The",BS,BHS,"Temperature change with respect to a baseline climatology, corresponding to the period 1951-1980",Degree Celsius,"Food and Agriculture Organization of the United Nations (FAO). 2022. FAOSTAT Climate Change, Climate Indicators, Temperature change. License: CC BY-NC-SA 3.0 IGO. Extracted from: https://www.fao.org/faostat/en/#data/ET. Accessed on 2023-03-28.",ECCS,Surface Temperature Change,"Environment, Climate Change, Climate Indicators, Surface Temperature Change",0.073,-0.062,-0.097,0.192,0.054,-0.172,-0.146,-0.324,-0.065,-0.469,-0.055,0.301,0.166,-0.058,0.334,-0.241,-0.04,0.04,0.133,0.377,-0.03,0.531,0.155,0.02,0.242,0.23,0.466,0.426,0.672,0.764,0.788,0.286,0.378,0.801,0.671,0.008,0.787,0.924,0.619,0.163,0.135,0.856,0.989,0.311,0.455,0.385,0.937,0.842,0.41,0.314,0.363,0.344,0.565,0.883,1.114,1.042,1.331,1.023,1.443,1.611,0.879,1.48
16,"Bahrain, Kingdom of",BH,BHR,"Temperature change with respect to a baseline climatology, corresponding to the period 1951-1980",Degree Celsius,"Food and Agriculture Organization of the United Nations (FAO). 2022. FAOSTAT Climate Change, Climate Indicators, Temperature change. License: CC BY-NC-SA 3.0 IGO. Extracted from: https://www.fao.org/faostat/en/#data/ET. Accessed on 2023-03-28.",ECCS,Surface Temperature Change,"Environment, Climate Change, Climate Indicators, Surface Temperature Change",-0.471,0.397,0.635,-0.561,0.234,0.535,-0.362,-0.446,0.567,0.247,-0.248,-0.613,-0.273,-0.256,-0.217,-0.501,0.332,0.099,0.856,0.351,0.408,-0.086,-0.834,0.039,0.367,0.668,0.548,0.633,0.047,0.455,-0.243,-0.544,0.127,0.998,0.251,0.695,0.376,1.435,2.055,1.119,1.216,1.552,1.256,1.385,1.065,1.823,1.08,1.329,1.224,2.286,1.431,1.385,1.403,1.694,2.24,1.598,2.08,2.247,2.108,2.027,2.464,2.017
17,Bangladesh,BD,BGD,"Temperature change with respect to a baseline climatology, corresponding to the period 1951-1980",Degree Celsius,"Food and Agriculture Organization of the United Nations (FAO). 2022. FAOSTAT Climate Change, Climate Indicators, Temperature change. License: CC BY-NC-SA 3.0 IGO. Extracted from: https://www.fao.org/faostat/en/#data/ET. Accessed on 2023-03-28.",ECCS,Surface Temperature Change,"Environment, Climate Change, Climate Indicators, Surface Temperature Change",0.152,-0.265,-0.09,0.107,-0.195,0.308,-0.226,-0.236,-0.007,-0.021,-0.579,-0.012,0.168,-0.125,-0.102,-0.104,-0.275,-0.216,0.495,0.128,-0.17,-0.041,-0.132,-0.322,0.05,0.026,0.341,0.341,0.064,-0.149,-0.024,-0.146,-0.446,0.175,0.173,0.137,-0.173,0.504,0.78,0.226,0.316,0.398,0.239,0.269,0.592,0.814,0.266,0.093,0.844,0.768,0.144,0.235,0.23,0.482,0.722,1.337,1.124,0.881,1.136,0.898,1.3,1.216
18,Barbados,BB,BRB,"Temperature change with respect to a baseline climatology, corresponding to the period 1951-1980",Degree Celsius,"Food and Agriculture Organization of the United Nations (FAO). 2022. FAOSTAT Climate Change, Climate Indicators, Temperature change. License: CC BY-NC-SA 3.0 IGO. Extracted from: https://www.fao.org/faostat/en/#data/ET. Accessed on 2023-03-28.",ECCS,Surface Temperature Change,"Environment, Climate Change, Climate Indicators, Surface Temperature Change",0.221,0.094,0.2,-0.011,-0.28,-0.149,-0.252,-0.363,0.31,0.074,-0.174,-0.015,0.006,-0.336,-0.556,-0.444,-0.054,0.248,0.042,0.485,0.304,0.165,0.281,-0.076,-0.263,-0.179,0.536,0.385,0.187,0.356,0.422,0.333,0.394,0.388,0.463,0.315,0.288,1.079,0.466,0.303,0.506,0.546,0.888,0.7,1.13,0.844,0.679,0.316,0.429,1.147,0.677,0.488,0.778,0.418,0.868,,,,,,,
19,"Belarus, Rep. of",BY,BLR,"Temperature change with respect to a baseline climatology, corresponding to the period 1951-1980",Degree Celsius,"Food and Agriculture Organization of the United Nations (FAO). 2022. FAOSTAT Climate Change, Climate Indicators, Temperature change. License: CC BY-NC-SA 3.0 IGO. Extracted from: https://www.fao.org/faostat/en/#data/ET. Accessed on 2023-03-28.",ECCS,Surface Temperature Change,"Environment, Climate Change, Climate Indicators, Surface Temperature Change",,,,,,,,,,,,,,,,,,,,,,,,,,,,,,,,1.273,0.024,1.138,1.5,-0.274,0.359,0.706,1.506,1.941,1.979,1.892,0.084,0.931,1.276,0.647,2.362,2.254,1.603,1.461,1.017,1.561,1.212,2.18,2.247,2.201,1.592,2.342,2.689,3.51,1.728,1.922
20,Belgium,BE,BEL,"Temperature change with respect to a baseline climatology, corresponding to the period 1951-1980",Degree Celsius,"Food and Agriculture Organization of the United Nations (FAO). 2022. FAOSTAT Climate Change, Climate Indicators, Temperature change. License: CC BY-NC-SA 3.0 IGO. Extracted from: https://www.fao.org/faostat/en/#data/ET. Accessed on 2023-03-28.",ECCS,Surface Temperature Change,"Environment, Climate Change, Climate Indicators, Surface Temperature Change",,,,,,,,,,,,,,,,,,,,,,,,,,,,,,,,,,,,,,,,1.484,1.336,1.398,1.526,1.089,1.197,1.404,1.883,1.256,1.158,0.233,1.289,1.13,0.463,2.417,1.371,1.882,1.731,2.196,2.081,2.572,1.203,2.807
21,Belize,BZ,BLZ,"Temperature change with respect to a baseline climatology, corresponding to the period 1951-1980",Degree Celsius,"Food and Agriculture Organization of the United Nations (FAO). 2022. FAOSTAT Climate Change, Climate Indicators, Temperature change. License: CC BY-NC-SA 3.0 IGO. Extracted from: https://www.fao.org/faostat/en/#data/ET. Accessed on 2023-03-28.",ECCS,Surface Temperature Change,"Environment, Climate Change, Climate Indicators, Surface Temperature Change",-0.001,-0.137,-0.06,-0.055,-0.105,-0.195,-0.297,-0.205,0.26,-0.21,-0.275,0.442,0.347,0.101,-0.059,-0.416,0.134,-0.025,0.524,0.576,-0.068,0.526,0.685,0.254,0.455,0.135,0.35,0.46,0.173,0.339,0.542,0.311,0.447,0.756,0.759,0.21,0.866,0.904,0.422,0.175,0.445,0.733,0.948,0.701,0.849,0.655,0.85,0.579,0.922,0.843,0.724,0.644,0.785,0.697,1.502,1.446,1.342,0.85,1.556,1.716,1.286,1.031
22,Benin,BJ,BEN,"Temperature change with respect to a baseline climatology, corresponding to the period 1951-1980",Degree Celsius,"Food and Agriculture Organization of the United Nations (FAO). 2022. FAOSTAT Climate Change, Climate Indicators, Temperature change. License: CC BY-NC-SA 3.0 IGO. Extracted from: https://www.fao.org/faostat/en/#data/ET. Accessed on 2023-03-28.",ECCS,Surface Temperature Change,"Environment, Climate Change, Climate Indicators, Surface Temperature Change",-0.137,-0.24,0.152,-0.218,-0.094,-0.007,-0.252,-0.129,0.303,0.305,-0.183,0.08,0.627,0.089,-0.274,-0.194,0.357,-0.045,0.499,0.425,0.161,0.211,0.548,0.542,0.411,0.307,0.977,0.631,-0.052,0.58,0.302,-0.027,0.531,0.439,0.406,0.736,0.557,1.042,0.621,0.449,0.517,0.721,0.936,0.706,1.105,1.035,0.806,0.632,0.95,1.23,0.949,0.595,0.853,0.94,1.111,1.025,1.16,1.056,1.147,1.031,1.522,0.884
23,Bhutan,BT,BTN,"Temperature change with respect to a baseline climatology, corresponding to the period 1951-1980",Degree Celsius,"Food and Agriculture Organization of the United Nations (FAO). 2022. FAOSTAT Climate Change, Climate Indicators, Temperature change. License: CC BY-NC-SA 3.0 IGO. Extracted from: https://www.fao.org/faostat/en/#data/ET. Accessed on 2023-03-28.",ECCS,Surface Temperature Change,"Environment, Climate Change, Climate Indicators, Surface Temperature Change",0.213,-0.292,-0.22,0.065,-0.565,0.14,-0.378,-0.478,0.102,-0.027,-0.227,-0.014,0.31,0.188,0.103,-0.042,-0.059,-0.213,0.414,0.081,0.212,-0.111,-0.286,-0.055,0.113,-0.068,0.256,0.567,0.22,-0.087,0.081,-0.229,-0.248,0.315,0.518,0.307,-0.3,0.825,1.022,0.214,0.72,0.492,0.498,0.476,0.745,0.955,0.978,0.555,1.394,1.202,0.534,0.512,0.742,0.86,1.068,1.487,1.457,1.346,1.329,1.09,1.707,1.523
24,Bolivia,BO,BOL,"Temperature change with respect to a baseline climatology, corresponding to the period 1951-1980",Degree Celsius,"Food and Agriculture Organization of the United Nations (FAO). 2022. FAOSTAT Climate Change, Climate Indicators, Temperature change. License: CC BY-NC-SA 3.0 IGO. Extracted from: https://www.fao.org/faostat/en/#data/ET. Accessed on 2023-03-28.",ECCS,Surface Temperature Change,"Environment, Climate Change, Climate Indicators, Surface Temperature Change",0.247,0.012,0.409,-0.123,0.22,-0.083,0.332,-0.162,0.522,0.173,-0.583,0.13,0.227,-0.154,-0.087,-0.249,0.276,0.27,0.181,0.176,0.167,0.324,0.537,0.289,0.33,0.437,0.692,0.334,0.129,0.183,0.603,0.031,0.404,0.883,0.77,0.29,0.825,0.926,0.337,0.403,0.653,1.016,0.641,0.846,0.764,0.935,0.537,0.396,0.658,0.68,1.165,0.831,0.507,0.955,1.533,0.824,0.981,0.562,0.921,1.315,0.738,0.644
25,Bosnia and Herzegovina,BA,BIH,"Temperature change with respect to a baseline climatology, corresponding to the period 1951-1980",Degree Celsius,"Food and Agriculture Organization of the United Nations (FAO). 2022. FAOSTAT Climate Change, Climate Indicators, Temperature change. License: CC BY-NC-SA 3.0 IGO. Extracted from: https://www.fao.org/faostat/en/#data/ET. Accessed on 2023-03-28.",ECCS,Surface Temperature Change,"Environment, Climate Change, Climate Indicators, Surface Temperature Change",,,,,,,,,,,,,,,,,,,,,,,,,,,,,,,,0.659,0.248,1.691,0.286,-0.043,0.112,1.059,0.612,1.525,1.527,1.141,1.088,0.584,0.124,0.594,1.861,1.373,1.379,0.954,1.117,1.756,1.319,1.823,1.813,1.673,1.419,2.275,1.987,1.88,1.598,2.091
26,Botswana,BW,BWA,"Temperature change with respect to a baseline climatology, corresponding to the period 1951-1980",Degree Celsius,"Food and Agriculture Organization of the United Nations (FAO). 2022. FAOSTAT Climate Change, Climate Indicators, Temperature change. License: CC BY-NC-SA 3.0 IGO. Extracted from: https://www.fao.org/faostat/en/#data/ET. Accessed on 2023-03-28.",ECCS,Surface Temperature Change,"Environment, Climate Change, Climate Indicators, Surface Temperature Change",0.151,0.262,-0.472,-0.057,0.098,0.436,-0.458,-0.195,0.197,0.598,-0.126,-0.475,0.602,-0.746,-0.225,-0.717,0.3,-0.065,0.543,-0.038,-0.441,0.31,1.012,0.442,0.293,0.278,1.27,0.287,-0.306,0.738,0.062,0.813,0.512,-0.123,1.141,-0.319,-0.096,0.857,0.552,-0.718,-0.186,0.359,0.74,-0.133,1.039,-0.505,0.23,0.153,-0.319,0.936,-0.048,0.473,0.77,-0.092,1.546,1.469,0.017,0.734,1.525,0.493,-0.425,-1.305
27,Brazil,BR,BRA,"Temperature change with respect to a baseline climatology, corresponding to the period 1951-1980",Degree Celsius,"Food and Agriculture Organization of the United Nations (FAO). 2022. FAOSTAT Climate Change, Climate Indicators, Temperature change. License: CC BY-NC-SA 3.0 IGO. Extracted from: https://www.fao.org/faostat/en/#data/ET. Accessed on 2023-03-28.",ECCS,Surface Temperature Change,"Environment, Climate Change, Climate Indicators, Surface Temperature Change",0.167,-0.184,0.158,-0.213,-0.075,0.044,0.073,-0.409,0.331,0.13,-0.134,0.114,0.443,-0.179,-0.14,-0.185,0.252,0.03,0.017,0.313,0.191,0.277,0.471,0.294,0.092,0.285,0.722,0.461,0.13,0.435,0.468,0.403,0.495,0.608,0.799,0.504,0.671,1.234,0.523,0.495,0.746,1.052,0.927,0.768,1.085,0.77,0.969,0.731,0.969,1.112,0.814,1.023,0.922,1.153,1.516,1.457,1.363,1.148,1.517,1.477,1.154,0.926
28,British Virgin Islands,VG,VGB,"Temperature change with respect to a baseline climatology, corresponding to the period 1951-1980",Degree Celsius,"Food and Agriculture Organization of the United Nations (FAO). 2022. FAOSTAT Climate Change, Climate Indicators, Temperature change. License: CC BY-NC-SA 3.0 IGO. Extracted from: https://www.fao.org/faostat/en/#data/ET. Accessed on 2023-03-28.",ECCS,Surface Temperature Change,"Environment, Climate Change, Climate Indicators, Surface Temperature Change",0.093,-0.072,0.189,0.184,-0.338,-0.11,-0.321,-0.145,0.356,0.051,-0.274,-0.136,0.214,-0.353,-0.218,-0.368,0.123,0.109,-0.05,0.75,0.512,0.099,0.533,0.211,0.088,0.04,0.514,0.512,0.054,0.446,0.439,0.333,0.541,0.666,0.613,0.337,0.459,1.091,0.525,0.192,0.57,0.741,0.843,0.548,0.825,0.76,1.007,0.406,0.621,1.053,0.393,0.61,0.782,0.878,1.065,1.204,0.971,0.703,0.915,1.317,0.956,0.875
29,Brunei Darussalam,BN,BRN,"Temperature change with respect to a baseline climatology, corresponding to the period 1951-1980",Degree Celsius,"Food and Agriculture Organization of the United Nations (FAO). 2022. FAOSTAT Climate Change, Climate Indicators, Temperature change. License: CC BY-NC-SA 3.0 IGO. Extracted from: https://www.fao.org/faostat/en/#data/ET. Accessed on 2023-03-28.",ECCS,Surface Temperature Change,"Environment, Climate Change, Climate Indicators, Surface Temperature Change",0.062,-0.017,-0.165,0.054,-0.235,0.183,-0.093,-0.177,0.227,0.086,-0.248,0.018,0.255,-0.151,0.004,-0.337,-0.075,0.123,0.275,0.185,0.122,0.186,0.563,0.021,0.181,0.156,0.498,0.471,0.057,0.381,0.384,0.326,0.228,0.453,0.471,0.429,0.671,1.296,0.575,0.485,0.602,0.669,0.735,0.673,0.893,0.718,0.743,0.511,0.875,1.012,0.725,0.912,1.195,1.028,1.281,1.74,1.468,1.41,1.624,1.783,1.458,1.446
30,Bulgaria,BG,BGR,"Temperature change with respect to a baseline climatology, corresponding to the period 1951-1980",Degree Celsius,"Food and Agriculture Organization of the United Nations (FAO). 2022. FAOSTAT Climate Change, Climate Indicators, Temperature change. License: CC BY-NC-SA 3.0 IGO. Extracted from: https://www.fao.org/faostat/en/#data/ET. Accessed on 2023-03-28.",ECCS,Surface Temperature Change,"Environment, Climate Change, Climate Indicators, Surface Temperature Change",0.903,0.488,-0.248,-0.528,-0.456,1.151,0.027,0.421,-0.485,0.205,-0.139,0.136,-0.426,-0.198,0.39,-0.838,0.563,-0.71,0.165,-0.448,-0.043,-0.13,0.389,-0.022,-0.605,0.36,-0.484,0.128,0.405,0.797,-0.161,0.149,-0.322,1.583,0.221,-0.36,-0.336,0.775,0.696,1.184,1.648,0.854,0.181,0.533,0.215,0.571,1.883,1.177,1.291,1.361,0.422,1.678,1.476,1.196,1.438,1.899,0.954,2.192,2.112,2.037,1.629,1.831
31,Burkina Faso,BF,BFA,"Temperature change with respect to a baseline climatology, corresponding to the period 1951-1980",Degree Celsius,"Food and Agriculture Organization of the United Nations (FAO). 2022. FAOSTAT Climate Change, Climate Indicators, Temperature change. License: CC BY-NC-SA 3.0 IGO. Extracted from: https://www.fao.org/faostat/en/#data/ET. Accessed on 2023-03-28.",ECCS,Surface Temperature Change,"Environment, Climate Change, Climate Indicators, Surface Temperature Change",-0.285,-0.208,0.168,-0.218,-0.141,-0.147,-0.174,-0.209,0.543,0.359,-0.019,0.135,0.671,-0.056,-0.311,-0.316,0.267,0.212,0.434,0.805,0.282,0.18,0.724,0.799,0.472,0.356,1.011,0.593,0.009,0.603,0.527,0.004,0.725,0.311,0.401,0.917,0.621,1.006,0.548,0.537,0.502,1.015,0.986,0.867,1.449,1.162,0.867,0.297,0.942,1.25,1.001,0.492,0.849,0.888,1.111,1.075,1.212,1.156,1.065,1.044,1.624,0.802
32,Burundi,BI,BDI,"Temperature change with respect to a baseline climatology, corresponding to the period 1951-1980",Degree Celsius,"Food and Agriculture Organization of the United Nations (FAO). 2022. FAOSTAT Climate Change, Climate Indicators, Temperature change. License: CC BY-NC-SA 3.0 IGO. Extracted from: https://www.fao.org/faostat/en/#data/ET. Accessed on 2023-03-28.",ECCS,Surface Temperature Change,"Environment, Climate Change, Climate Indicators, Surface Temperature Change",0.022,-0.502,-0.007,-0.18,-0.265,0.009,-0.252,-0.272,0.156,0.278,-0.292,0.147,0.581,0.179,,,,,,,,0.437,0.636,,,0.51,0.614,0.286,0.02,0.279,-0.096,0.004,,,,,,0.545,,,0.459,0.887,1.032,1.122,,,1.242,,,,,,,,,,,,,,,
33,Cabo Verde,CV,CPV,"Temperature change with respect to a baseline climatology, corresponding to the period 1951-1980",Degree Celsius,"Food and Agriculture Organization of the United Nations (FAO). 2022. FAOSTAT Climate Change, Climate Indicators, Temperature change. License: CC BY-NC-SA 3.0 IGO. Extracted from: https://www.fao.org/faostat/en/#data/ET. Accessed on 2023-03-28.",ECCS,Surface Temperature Change,"Environment, Climate Change, Climate Indicators, Surface Temperature Change",-0.12,0.219,0.47,0.011,-0.322,0.261,-0.081,-0.388,0.939,0.806,-0.153,0.104,0.377,-0.568,,-0.341,,0.281,0.641,0.618,0.27,0.514,0.51,,0.103,-0.028,1.006,0.815,0.95,1.313,0.68,0.888,0.508,0.442,1.475,1.598,1.654,1.78,0.794,1.039,1.329,1.478,1.569,1.604,1.171,1.356,0.821,1.302,0.772,,1.372,1.338,1.331,1.083,1.071,1.692,2.0,0.926,1.622,,1.765,1.853
34,Cambodia,KH,KHM,"Temperature change with respect to a baseline climatology, corresponding to the period 1951-1980",Degree Celsius,"Food and Agriculture Organization of the United Nations (FAO). 2022. FAOSTAT Climate Change, Climate Indicators, Temperature change. License: CC BY-NC-SA 3.0 IGO. Extracted from: https://www.fao.org/faostat/en/#data/ET. Accessed on 2023-03-28.",ECCS,Surface Temperature Change,"Environment, Climate Change, Climate Indicators, Surface Temperature Change",-0.035,-0.134,-0.309,0.156,-0.196,0.433,-0.089,-0.124,0.478,0.069,-0.468,0.007,0.36,-0.343,-0.019,-0.485,0.104,0.29,0.479,0.417,0.389,0.15,0.537,0.194,0.348,0.128,0.694,0.415,0.324,0.674,0.597,0.556,0.425,0.496,0.738,0.357,0.393,1.414,0.409,0.296,0.571,0.836,0.711,0.594,0.781,0.767,0.604,0.43,0.453,1.225,0.424,0.875,1.005,0.614,1.081,1.473,1.095,0.787,1.552,1.401,0.912,0.948
35,Cameroon,CM,CMR,"Temperature change with respect to a baseline climatology, corresponding to the period 1951-1980",Degree Celsius,"Food and Agriculture Organization of the United Nations (FAO). 2022. FAOSTAT Climate Change, Climate Indicators, Temperature change. License: CC BY-NC-SA 3.0 IGO. Extracted from: https://www.fao.org/faostat/en/#data/ET. Accessed on 2023-03-28.",ECCS,Surface Temperature Change,"Environment, Climate Change, Climate Indicators, Surface Temperature Change",-0.117,-0.218,0.126,-0.157,-0.11,-0.01,-0.107,-0.122,0.225,0.175,-0.132,0.055,0.566,-0.076,-0.207,-0.163,0.304,0.056,0.4,0.35,0.045,0.061,0.164,0.196,0.025,0.084,0.487,0.29,-0.384,0.651,0.563,-0.205,0.247,0.305,0.28,0.335,0.547,1.082,0.604,0.319,0.198,0.77,0.707,0.779,1.004,0.983,0.626,0.653,1.047,1.181,0.655,0.416,0.707,0.882,1.16,1.213,1.165,1.156,1.45,1.281,1.47,1.044
36,Canada,CA,CAN,"Temperature change with respect to a baseline climatology, corresponding to the period 1951-1980",Degree Celsius,"Food and Agriculture Organization of the United Nations (FAO). 2022. FAOSTAT Climate Change, Climate Indicators, Temperature change. License: CC BY-NC-SA 3.0 IGO. Extracted from: https://www.fao.org/faostat/en/#data/ET. Accessed on 2023-03-28.",ECCS,Surface Temperature Change,"Environment, Climate Change, Climate Indicators, Surface Temperature Change",0.057,-0.118,0.335,-0.299,-0.867,-0.152,-0.452,0.476,-0.003,0.426,-0.023,-1.796,0.306,-0.846,0.225,0.083,1.079,-0.605,-0.214,0.917,1.562,-0.673,0.488,0.337,-0.311,0.011,1.34,1.204,0.017,0.078,0.336,0.1,0.342,0.467,0.938,-0.125,0.426,2.47,1.694,1.291,1.421,0.54,1.24,0.485,1.282,2.343,1.333,0.851,0.539,2.915,1.438,2.144,1.182,0.288,1.231,2.373,1.48,0.477,1.311,1.128,2.515,1.268
37,Cayman Islands,KY,CYM,"Temperature change with respect to a baseline climatology, corresponding to the period 1951-1980",Degree Celsius,"Food and Agriculture Organization of the United Nations (FAO). 2022. FAOSTAT Climate Change, Climate Indicators, Temperature change. License: CC BY-NC-SA 3.0 IGO. Extracted from: https://www.fao.org/faostat/en/#data/ET. Accessed on 2023-03-28.",ECCS,Surface Temperature Change,"Environment, Climate Change, Climate Indicators, Surface Temperature Change",,-0.153,-0.303,,,-0.122,-0.19,-0.341,0.157,-0.185,-0.194,0.197,0.357,0.433,1.023,-0.077,0.255,0.204,0.332,0.614,0.012,0.57,0.384,0.26,0.165,0.225,0.551,0.788,0.785,0.77,0.842,0.549,1.055,1.326,1.355,0.78,1.334,1.265,0.792,,,,,,0.987,0.925,1.077,0.884,0.787,0.989,0.675,0.743,0.899,1.106,1.347,1.284,1.257,0.865,1.237,1.278,0.957,0.974
38,Central African Rep.,CF,CAF,"Temperature change with respect to a baseline climatology, corresponding to the period 1951-1980",Degree Celsius,"Food and Agriculture Organization of the United Nations (FAO). 2022. FAOSTAT Climate Change, Climate Indicators, Temperature change. License: CC BY-NC-SA 3.0 IGO. Extracted from: https://www.fao.org/faostat/en/#data/ET. Accessed on 2023-03-28.",ECCS,Surface Temperature Change,"Environment, Climate Change, Climate Indicators, Surface Temperature Change",-0.003,-0.306,0.037,-0.136,-0.05,0.064,-0.229,-0.168,0.143,0.245,-0.055,0.064,0.545,-0.058,-0.049,-0.117,0.203,0.044,0.38,0.439,0.003,0.229,0.425,0.125,0.156,0.478,0.504,0.265,-0.148,0.347,0.612,-0.457,0.329,0.562,0.187,0.047,0.458,1.195,0.502,0.683,0.4,0.745,0.845,0.957,0.983,0.967,0.537,0.682,1.119,1.162,0.763,0.491,0.865,0.697,0.983,1.222,1.224,1.145,1.264,1.14,1.268,1.032
39,Chad,TD,TCD,"Temperature change with respect to a baseline climatology, corresponding to the period 1951-1980",Degree Celsius,"Food and Agriculture Organization of the United Nations (FAO). 2022. FAOSTAT Climate Change, Climate Indicators, Temperature change. License: CC BY-NC-SA 3.0 IGO. Extracted from: https://www.fao.org/faostat/en/#data/ET. Accessed on 2023-03-28.",ECCS,Surface Temperature Change,"Environment, Climate Change, Climate Indicators, Surface Temperature Change",-0.409,-0.26,0.291,-0.176,-0.092,-0.007,-0.377,-0.155,0.553,0.163,-0.241,0.206,0.719,-0.032,-0.172,0.232,-0.048,-0.132,0.459,0.337,0.037,0.306,-0.047,0.508,0.172,0.63,0.344,0.133,-0.271,0.416,0.649,-0.279,0.275,0.381,0.175,0.586,0.485,0.841,0.569,0.281,0.291,0.797,0.838,0.831,1.148,1.368,0.605,0.466,1.236,1.181,0.969,0.553,1.013,0.856,1.294,0.939,1.026,1.527,1.306,1.192,1.146,0.738
40,Chile,CL,CHL,"Temperature change with respect to a baseline climatology, corresponding to the period 1951-1980",Degree Celsius,"Food and Agriculture Organization of the United Nations (FAO). 2022. FAOSTAT Climate Change, Climate Indicators, Temperature change. License: CC BY-NC-SA 3.0 IGO. Extracted from: https://www.fao.org/faostat/en/#data/ET. Accessed on 2023-03-28.",ECCS,Surface Temperature Change,"Environment, Climate Change, Climate Indicators, Surface Temperature Change",-0.301,0.249,0.054,-0.22,0.115,-0.169,-0.142,0.366,0.155,0.205,-0.364,-0.13,-0.058,-0.18,-0.127,-0.262,0.37,0.366,0.286,0.342,0.373,0.397,0.574,-0.122,0.328,0.08,0.616,0.08,0.327,0.214,0.108,-0.116,0.235,0.279,-0.004,0.276,0.716,0.721,0.251,-0.179,0.054,0.14,0.312,0.563,0.275,0.575,-0.219,0.502,0.52,-0.015,0.206,0.699,0.434,0.488,0.848,1.022,0.873,0.538,0.683,0.947,0.877,0.407
41,"China, P.R.: Hong Kong",HK,HKG,"Temperature change with respect to a baseline climatology, corresponding to the period 1951-1980",Degree Celsius,"Food and Agriculture Organization of the United Nations (FAO). 2022. FAOSTAT Climate Change, Climate Indicators, Temperature change. License: CC BY-NC-SA 3.0 IGO. Extracted from: https://www.fao.org/faostat/en/#data/ET. Accessed on 2023-03-28.",ECCS,Surface Temperature Change,"Environment, Climate Change, Climate Indicators, Surface Temperature Change",0.055,-0.056,0.33,0.117,0.151,0.652,0.044,-0.654,-0.009,-0.398,-0.187,-0.141,0.426,-0.342,0.161,-0.769,0.167,0.016,0.029,0.244,0.37,0.057,-0.193,-0.528,-0.294,0.012,0.831,-0.139,0.257,0.271,0.726,-0.232,0.3,0.338,-0.028,0.028,0.293,0.94,0.964,0.298,0.854,0.961,0.99,0.701,0.733,0.897,1.008,0.415,0.91,0.367,0.333,0.53,0.763,0.703,1.175,0.77,1.338,1.183,1.776,1.882,2.017,1.432
42,"China, P.R.: Macao",MO,MAC,"Temperature change with respect to a baseline climatology, corresponding to the period 1951-1980",Degree Celsius,"Food and Agriculture Organization of the United Nations (FAO). 2022. FAOSTAT Climate Change, Climate Indicators, Temperature change. License: CC BY-NC-SA 3.0 IGO. Extracted from: https://www.fao.org/faostat/en/#data/ET. Accessed on 2023-03-28.",ECCS,Surface Temperature Change,"Environment, Climate Change, Climate Indicators, Surface Temperature Change",0.055,-0.056,0.33,0.117,0.151,0.652,0.044,-0.654,-0.009,-0.398,-0.187,-0.141,0.426,-0.342,0.161,-0.769,0.167,0.016,0.029,0.244,0.37,0.057,-0.193,-0.528,-0.294,0.012,0.831,-0.139,0.257,0.271,0.726,-0.232,0.3,0.338,-0.028,0.028,0.293,0.94,0.964,0.298,0.854,0.961,0.99,0.701,0.733,0.897,1.008,0.415,0.91,0.367,0.333,0.53,0.763,0.703,1.175,0.77,1.338,1.183,1.776,1.882,2.017,1.432
43,"China, P.R.: Mainland",CN,CHN,"Temperature change with respect to a baseline climatology, corresponding to the period 1951-1980",Degree Celsius,"Food and Agriculture Organization of the United Nations (FAO). 2022. FAOSTAT Climate Change, Climate Indicators, Temperature change. License: CC BY-NC-SA 3.0 IGO. Extracted from: https://www.fao.org/faostat/en/#data/ET. Accessed on 2023-03-28.",ECCS,Surface Temperature Change,"Environment, Climate Change, Climate Indicators, Surface Temperature Change",0.259,-0.141,0.289,-0.026,0.078,0.181,-0.282,-0.408,-0.211,-0.3,0.038,0.012,0.412,-0.008,0.278,-0.396,-0.057,0.242,0.299,0.251,0.219,0.379,0.122,-0.148,-0.127,-0.043,0.43,0.398,0.428,0.852,0.52,0.13,0.281,0.733,0.577,0.21,0.733,1.264,1.231,0.572,1.038,1.131,0.822,1.112,1.048,1.232,1.538,1.09,1.336,0.968,0.792,0.626,1.073,1.062,1.297,1.319,1.573,1.361,1.422,1.62,1.701,1.906
44,Colombia,CO,COL,"Temperature change with respect to a baseline climatology, corresponding to the period 1951-1980",Degree Celsius,"Food and Agriculture Organization of the United Nations (FAO). 2022. FAOSTAT Climate Change, Climate Indicators, Temperature change. License: CC BY-NC-SA 3.0 IGO. Extracted from: https://www.fao.org/faostat/en/#data/ET. Accessed on 2023-03-28.",ECCS,Surface Temperature Change,"Environment, Climate Change, Climate Indicators, Surface Temperature Change",0.09,-0.133,-0.058,0.117,-0.217,0.117,-0.274,-0.238,0.363,0.052,-0.431,-0.022,0.349,-0.306,-0.304,-0.24,0.214,0.109,0.191,0.446,0.129,0.192,0.636,-0.233,-0.015,0.017,0.573,0.312,-0.091,0.31,0.449,0.606,0.263,0.245,0.517,0.143,0.504,0.901,-0.01,-0.009,0.438,0.675,0.693,0.585,0.681,0.531,0.641,0.385,0.856,1.037,0.467,0.668,0.834,0.854,1.249,1.08,0.82,1.137,1.397,1.583,1.073,0.874
45,"Comoros, Union of the",KM,COM,"Temperature change with respect to a baseline climatology, corresponding to the period 1951-1980",Degree Celsius,"Food and Agriculture Organization of the United Nations (FAO). 2022. FAOSTAT Climate Change, Climate Indicators, Temperature change. License: CC BY-NC-SA 3.0 IGO. Extracted from: https://www.fao.org/faostat/en/#data/ET. Accessed on 2023-03-28.",ECCS,Surface Temperature Change,"Environment, Climate Change, Climate Indicators, Surface Temperature Change",0.457,0.001,-0.248,-0.215,-0.334,0.059,0.154,-0.452,0.199,0.058,-0.545,-0.075,0.135,-0.375,-0.16,-0.071,0.448,0.184,0.165,0.198,0.082,0.53,0.356,-0.433,,0.001,0.455,0.461,-0.234,0.154,0.299,0.119,0.233,0.595,0.475,0.013,0.315,0.807,0.235,0.01,0.159,0.613,0.291,0.213,0.309,0.115,0.448,0.28,0.639,0.88,0.516,0.479,0.415,0.509,0.725,0.7,0.95,0.705,1.296,1.03,0.65,0.521
46,"Congo, Dem. Rep. of the",CD,COD,"Temperature change with respect to a baseline climatology, corresponding to the period 1951-1980",Degree Celsius,"Food and Agriculture Organization of the United Nations (FAO). 2022. FAOSTAT Climate Change, Climate Indicators, Temperature change. License: CC BY-NC-SA 3.0 IGO. Extracted from: https://www.fao.org/faostat/en/#data/ET. Accessed on 2023-03-28.",ECCS,Surface Temperature Change,"Environment, Climate Change, Climate Indicators, Surface Temperature Change",-0.03,-0.172,-0.038,-0.112,-0.193,0.109,-0.119,-0.158,0.139,0.218,-0.141,0.074,0.458,-0.077,-0.103,-0.185,0.259,0.141,0.4,0.311,0.15,0.143,0.506,0.282,0.159,0.307,0.6,0.488,-0.144,0.082,0.293,-0.213,0.1,0.293,0.387,-0.077,0.627,0.937,0.455,0.537,0.393,0.872,0.961,0.913,1.014,0.844,0.768,0.664,0.928,1.347,0.844,0.523,1.003,0.976,1.053,1.546,1.32,1.45,1.483,1.692,1.658,1.48
47,"Congo, Rep. of",CG,COG,"Temperature change with respect to a baseline climatology, corresponding to the period 1951-1980",Degree Celsius,"Food and Agriculture Organization of the United Nations (FAO). 2022. FAOSTAT Climate Change, Climate Indicators, Temperature change. License: CC BY-NC-SA 3.0 IGO. Extracted from: https://www.fao.org/faostat/en/#data/ET. Accessed on 2023-03-28.",ECCS,Surface Temperature Change,"Environment, Climate Change, Climate Indicators, Surface Temperature Change",-0.172,-0.053,0.12,-0.123,-0.179,0.102,-0.126,-0.11,0.118,0.159,-0.08,-0.052,0.493,-0.081,-0.125,-0.248,0.221,0.111,0.427,0.32,-0.189,-0.205,0.31,0.15,-0.195,0.013,0.354,0.211,-0.301,-0.014,0.144,-0.314,0.007,0.223,0.426,-0.058,,1.055,0.61,0.404,0.356,0.752,0.852,0.891,0.912,0.808,0.831,0.74,0.819,1.255,0.651,0.667,0.811,0.744,1.075,1.479,1.159,1.245,1.411,1.5,1.355,1.245
48,Cook Islands,CK,COK,"Temperature change with respect to a baseline climatology, corresponding to the period 1951-1980",Degree Celsius,"Food and Agriculture Organization of the United Nations (FAO). 2022. FAOSTAT Climate Change, Climate Indicators, Temperature change. License: CC BY-NC-SA 3.0 IGO. Extracted from: https://www.fao.org/faostat/en/#data/ET. Accessed on 2023-03-28.",ECCS,Surface Temperature Change,"Environment, Climate Change, Climate Indicators, Surface Temperature Change",0.148,-0.064,-0.099,0.163,-0.373,0.035,-0.352,-0.387,-0.009,0.249,-0.079,-0.03,0.508,-0.129,-0.167,-0.269,0.057,-0.006,-0.05,0.138,0.036,-0.061,0.06,-0.043,0.05,0.264,-0.021,0.34,0.13,0.19,0.197,0.21,-0.069,0.186,0.455,0.247,-0.108,-0.258,0.625,0.303,0.402,0.292,0.262,0.257,0.115,0.314,0.344,0.208,0.077,0.604,0.548,0.258,0.455,0.158,-0.43,0.31,0.675,0.238,0.22,0.274,0.568,0.479
49,Costa Rica,CR,CRI,"Temperature change with respect to a baseline climatology, corresponding to the period 1951-1980",Degree Celsius,"Food and Agriculture Organization of the United Nations (FAO). 2022. FAOSTAT Climate Change, Climate Indicators, Temperature change. License: CC BY-NC-SA 3.0 IGO. Extracted from: https://www.fao.org/faostat/en/#data/ET. Accessed on 2023-03-28.",ECCS,Surface Temperature Change,"Environment, Climate Change, Climate Indicators, Surface Temperature Change",,,,,,,,,,,-0.549,0.135,0.163,-0.256,-0.398,0.187,0.296,0.175,0.213,0.425,0.189,0.604,1.052,0.035,-0.047,,0.658,0.119,0.067,0.591,0.582,0.498,0.308,0.514,0.633,-0.021,0.862,1.139,-0.174,-0.017,0.608,0.894,0.864,0.796,0.584,0.775,0.75,0.349,1.052,0.989,0.564,,,,,,,,,,,
50,"Croatia, Rep. of",HR,HRV,"Temperature change with respect to a baseline climatology, corresponding to the period 1951-1980",Degree Celsius,"Food and Agriculture Organization of the United Nations (FAO). 2022. FAOSTAT Climate Change, Climate Indicators, Temperature change. License: CC BY-NC-SA 3.0 IGO. Extracted from: https://www.fao.org/faostat/en/#data/ET. Accessed on 2023-03-28.",ECCS,Surface Temperature Change,"Environment, Climate Change, Climate Indicators, Surface Temperature Change",,,,,,,,,,,,,,,,,,,,,,,,,,,,,,,,0.811,0.382,1.693,0.407,-0.055,0.285,1.127,0.676,1.601,1.57,1.233,1.244,0.633,0.253,0.68,1.938,1.416,1.454,0.821,1.22,1.809,1.232,2.004,1.895,1.807,1.523,2.282,2.082,1.989,1.582,2.209
51,Cuba,CU,CUB,"Temperature change with respect to a baseline climatology, corresponding to the period 1951-1980",Degree Celsius,"Food and Agriculture Organization of the United Nations (FAO). 2022. FAOSTAT Climate Change, Climate Indicators, Temperature change. License: CC BY-NC-SA 3.0 IGO. Extracted from: https://www.fao.org/faostat/en/#data/ET. Accessed on 2023-03-28.",ECCS,Surface Temperature Change,"Environment, Climate Change, Climate Indicators, Surface Temperature Change",-0.084,-0.07,-0.127,0.102,0.023,-0.325,-0.234,-0.339,0.024,-0.349,0.067,0.433,0.403,0.087,0.528,-0.194,0.131,0.034,0.349,0.49,-0.016,0.591,0.303,0.287,0.235,0.357,0.736,0.603,0.68,0.836,0.899,0.608,0.639,1.016,1.222,0.627,1.031,1.191,0.806,0.508,0.535,0.945,1.089,0.872,0.787,0.914,0.902,0.642,0.93,0.957,0.538,0.611,0.885,1.144,1.439,1.37,1.275,1.177,1.634,1.722,1.304,1.437
52,Cyprus,CY,CYP,"Temperature change with respect to a baseline climatology, corresponding to the period 1951-1980",Degree Celsius,"Food and Agriculture Organization of the United Nations (FAO). 2022. FAOSTAT Climate Change, Climate Indicators, Temperature change. License: CC BY-NC-SA 3.0 IGO. Extracted from: https://www.fao.org/faostat/en/#data/ET. Accessed on 2023-03-28.",ECCS,Surface Temperature Change,"Environment, Climate Change, Climate Indicators, Surface Temperature Change",0.039,0.789,0.691,-0.612,-0.208,0.637,-0.774,-0.031,0.165,0.495,-0.256,-0.625,-0.379,-0.177,-0.225,-0.713,0.15,-0.028,0.607,-0.295,0.088,-0.337,-0.805,0.013,-0.068,0.249,-0.26,0.044,0.085,0.069,0.379,-0.928,-0.421,1.047,0.058,0.253,0.008,0.961,1.079,0.618,1.161,0.836,0.585,0.614,0.335,0.622,0.814,1.031,0.983,2.03,0.715,0.97,1.238,1.048,1.139,1.493,0.776,2.119,1.524,1.668,1.994,1.237
53,Czech Rep.,CZ,CZE,"Temperature change with respect to a baseline climatology, corresponding to the period 1951-1980",Degree Celsius,"Food and Agriculture Organization of the United Nations (FAO). 2022. FAOSTAT Climate Change, Climate Indicators, Temperature change. License: CC BY-NC-SA 3.0 IGO. Extracted from: https://www.fao.org/faostat/en/#data/ET. Accessed on 2023-03-28.",ECCS,Surface Temperature Change,"Environment, Climate Change, Climate Indicators, Surface Temperature Change",,,,,,,,,,,,,,,,,,,,,,,,,,,,,,,,,0.293,1.807,1.044,-0.602,0.141,1.258,1.116,1.914,1.228,1.531,1.081,0.822,0.752,0.957,2.175,1.654,1.435,0.425,1.054,1.596,0.797,2.527,2.141,2.1,1.616,2.672,2.561,2.361,1.321,2.394
54,Denmark,DK,DNK,"Temperature change with respect to a baseline climatology, corresponding to the period 1951-1980",Degree Celsius,"Food and Agriculture Organization of the United Nations (FAO). 2022. FAOSTAT Climate Change, Climate Indicators, Temperature change. License: CC BY-NC-SA 3.0 IGO. Extracted from: https://www.fao.org/faostat/en/#data/ET. Accessed on 2023-03-28.",ECCS,Surface Temperature Change,"Environment, Climate Change, Climate Indicators, Surface Temperature Change",1.117,-0.641,-1.019,-0.274,-0.603,-0.5,0.831,0.277,-0.135,-1.204,0.261,0.289,0.67,0.58,1.335,0.301,-0.014,0.145,-1.191,-0.441,0.3,0.002,1.06,0.379,-1.004,-0.444,-0.985,0.925,1.803,1.843,0.616,1.452,0.235,0.967,1.304,-0.753,0.651,0.869,1.334,1.719,1.044,1.652,0.707,1.032,1.282,1.349,2.136,1.853,1.32,-0.199,0.677,1.139,0.397,2.677,1.516,1.852,1.619,2.109,2.18,2.633,1.69,2.219
55,Djibouti,DJ,DJI,"Temperature change with respect to a baseline climatology, corresponding to the period 1951-1980",Degree Celsius,"Food and Agriculture Organization of the United Nations (FAO). 2022. FAOSTAT Climate Change, Climate Indicators, Temperature change. License: CC BY-NC-SA 3.0 IGO. Extracted from: https://www.fao.org/faostat/en/#data/ET. Accessed on 2023-03-28.",ECCS,Surface Temperature Change,"Environment, Climate Change, Climate Indicators, Surface Temperature Change",0.118,-0.207,0.045,-0.289,-0.425,0.008,-0.465,-0.503,0.226,0.016,-0.236,0.115,0.686,-0.13,0.195,0.028,0.279,0.292,0.131,0.808,0.099,0.182,0.327,-0.096,0.051,-0.055,0.204,0.567,-0.104,0.524,0.467,0.434,0.303,0.275,0.659,0.775,0.663,1.004,0.409,0.834,0.811,1.363,1.468,0.953,1.206,0.889,0.864,0.302,1.404,1.037,0.902,,1.23,1.093,1.586,1.349,1.811,1.421,1.465,1.533,1.129,1.547
56,Dominica,DM,DMA,"Temperature change with respect to a baseline climatology, corresponding to the period 1951-1980",Degree Celsius,"Food and Agriculture Organization of the United Nations (FAO). 2022. FAOSTAT Climate Change, Climate Indicators, Temperature change. License: CC BY-NC-SA 3.0 IGO. Extracted from: https://www.fao.org/faostat/en/#data/ET. Accessed on 2023-03-28.",ECCS,Surface Temperature Change,"Environment, Climate Change, Climate Indicators, Surface Temperature Change",-0.033,0.146,0.256,0.081,-0.297,0.104,-0.23,-0.222,0.382,0.181,-0.218,-0.083,0.163,-0.396,-0.392,-0.434,0.045,0.086,0.163,0.43,0.438,0.08,0.457,-0.039,-0.062,0.015,0.596,0.394,-0.056,0.436,0.453,0.433,0.51,0.572,0.695,0.434,0.595,0.999,0.486,0.282,0.518,0.684,0.782,0.491,0.819,0.718,0.871,0.401,0.539,1.193,0.591,0.703,0.715,0.704,0.918,1.057,0.821,0.561,0.752,1.087,0.727,0.688
57,Dominican Rep.,DO,DOM,"Temperature change with respect to a baseline climatology, corresponding to the period 1951-1980",Degree Celsius,"Food and Agriculture Organization of the United Nations (FAO). 2022. FAOSTAT Climate Change, Climate Indicators, Temperature change. License: CC BY-NC-SA 3.0 IGO. Extracted from: https://www.fao.org/faostat/en/#data/ET. Accessed on 2023-03-28.",ECCS,Surface Temperature Change,"Environment, Climate Change, Climate Indicators, Surface Temperature Change",-0.009,-0.07,-0.017,0.167,-0.314,-0.028,-0.202,-0.154,0.31,-0.052,-0.318,-0.103,0.364,-0.438,-0.026,-0.337,0.405,0.33,0.181,0.692,0.499,0.419,0.631,0.265,0.099,0.255,0.737,0.603,0.251,0.554,0.424,0.505,0.474,0.877,0.95,0.664,0.988,1.371,0.9,0.629,0.909,0.96,1.235,0.806,0.967,1.003,1.26,0.667,0.71,1.222,0.543,0.746,1.208,1.106,1.339,1.016,1.032,1.158,1.266,1.488,0.995,0.982
58,Ecuador,EC,ECU,"Temperature change with respect to a baseline climatology, corresponding to the period 1951-1980",Degree Celsius,"Food and Agriculture Organization of the United Nations (FAO). 2022. FAOSTAT Climate Change, Climate Indicators, Temperature change. License: CC BY-NC-SA 3.0 IGO. Extracted from: https://www.fao.org/faostat/en/#data/ET. Accessed on 2023-03-28.",ECCS,Surface Temperature Change,"Environment, Climate Change, Climate Indicators, Surface Temperature Change",-0.108,-0.218,-0.062,-0.239,0.111,0.042,-0.422,-0.346,0.442,-0.131,-0.569,0.55,0.124,-0.246,-0.314,0.32,0.341,0.237,0.514,0.496,0.028,0.595,1.176,0.024,-0.07,0.194,1.074,0.425,-0.003,0.503,0.536,0.873,0.571,0.363,0.738,0.053,1.24,1.311,0.202,0.244,0.478,0.777,0.83,0.835,0.837,0.808,0.818,0.702,0.961,1.087,0.783,0.663,0.491,1.011,1.393,1.55,1.155,0.967,1.279,1.509,1.032,0.736
59,"Egypt, Arab Rep. of",EG,EGY,"Temperature change with respect to a baseline climatology, corresponding to the period 1951-1980",Degree Celsius,"Food and Agriculture Organization of the United Nations (FAO). 2022. FAOSTAT Climate Change, Climate Indicators, Temperature change. License: CC BY-NC-SA 3.0 IGO. Extracted from: https://www.fao.org/faostat/en/#data/ET. Accessed on 2023-03-28.",ECCS,Surface Temperature Change,"Environment, Climate Change, Climate Indicators, Surface Temperature Change",-0.241,0.64,0.628,-0.373,-0.104,0.447,-0.678,-0.126,0.451,-0.114,-0.257,-0.049,-0.304,-0.12,-0.482,-0.299,-0.119,-0.273,0.585,-0.08,-0.259,-0.413,-1.123,-0.228,0.243,0.118,-0.317,0.211,-0.216,-0.082,0.384,-0.611,0.014,0.611,0.151,0.381,0.009,0.744,0.828,0.054,0.656,0.827,0.73,0.647,0.511,0.726,0.602,0.937,0.921,2.325,0.629,0.939,1.049,1.254,1.211,1.396,0.616,2.049,1.04,1.117,1.727,0.655
60,El Salvador,SV,SLV,"Temperature change with respect to a baseline climatology, corresponding to the period 1951-1980",Degree Celsius,"Food and Agriculture Organization of the United Nations (FAO). 2022. FAOSTAT Climate Change, Climate Indicators, Temperature change. License: CC BY-NC-SA 3.0 IGO. Extracted from: https://www.fao.org/faostat/en/#data/ET. Accessed on 2023-03-28.",ECCS,Surface Temperature Change,"Environment, Climate Change, Climate Indicators, Surface Temperature Change",-0.073,-0.248,-0.157,-0.026,-0.074,0.115,-0.423,-0.319,0.28,-0.031,-0.27,0.395,0.402,-0.311,0.057,-0.212,0.451,0.157,0.462,0.395,0.046,0.372,0.716,0.062,0.158,0.222,0.627,0.596,0.237,0.492,0.584,0.583,0.331,0.641,0.556,0.078,0.752,0.847,0.301,0.318,0.572,0.69,0.878,0.639,0.513,0.495,0.43,0.199,0.788,0.496,0.508,0.634,0.619,0.654,1.285,1.26,0.723,0.774,0.972,1.484,0.999,0.658
61,"Equatorial Guinea, Rep. of",GQ,GNQ,"Temperature change with respect to a baseline climatology, corresponding to the period 1951-1980",Degree Celsius,"Food and Agriculture Organization of the United Nations (FAO). 2022. FAOSTAT Climate Change, Climate Indicators, Temperature change. License: CC BY-NC-SA 3.0 IGO. Extracted from: https://www.fao.org/faostat/en/#data/ET. Accessed on 2023-03-28.",ECCS,Surface Temperature Change,"Environment, Climate Change, Climate Indicators, Surface Temperature Change",-0.146,-0.057,0.238,-0.136,-0.17,0.139,-0.063,-0.067,0.075,0.223,-0.12,-0.083,0.473,-0.163,-0.193,-0.349,0.151,-0.046,0.339,0.289,0.086,-0.1,0.117,0.266,-0.013,-0.084,0.402,0.34,-0.052,0.194,,-0.117,0.191,0.323,0.939,0.492,,0.967,0.581,0.362,0.375,0.631,0.851,0.742,0.773,0.656,0.815,0.685,0.824,0.979,0.677,0.583,0.769,0.856,0.849,1.462,1.308,0.839,1.602,1.479,1.195,1.247
62,"Eritrea, The State of",ER,ERI,"Temperature change with respect to a baseline climatology, corresponding to the period 1951-1980",Degree Celsius,"Food and Agriculture Organization of the United Nations (FAO). 2022. FAOSTAT Climate Change, Climate Indicators, Temperature change. License: CC BY-NC-SA 3.0 IGO. Extracted from: https://www.fao.org/faostat/en/#data/ET. Accessed on 2023-03-28.",ECCS,Surface Temperature Change,"Environment, Climate Change, Climate Indicators, Surface Temperature Change",,,,,,,,,,,,,,,,,,,,,,,,,,,,,,,,,,,,0.097,0.27,0.442,0.822,0.561,0.498,1.077,0.666,1.127,0.798,0.928,0.275,1.097,1.759,1.644,1.478,1.476,1.186,0.985,1.814,0.99,1.309,0.976,0.907,,1.49,0.53
63,"Estonia, Rep. of",EE,EST,"Temperature change with respect to a baseline climatology, corresponding to the period 1951-1980",Degree Celsius,"Food and Agriculture Organization of the United Nations (FAO). 2022. FAOSTAT Climate Change, Climate Indicators, Temperature change. License: CC BY-NC-SA 3.0 IGO. Extracted from: https://www.fao.org/faostat/en/#data/ET. Accessed on 2023-03-28.",ECCS,Surface Temperature Change,"Environment, Climate Change, Climate Indicators, Surface Temperature Change",,,,,,,,,,,,,,,,,,,,,,,,,,,,,,,,1.601,0.553,0.359,1.748,-0.35,0.932,0.542,1.524,2.066,1.838,1.483,0.234,1.184,1.597,1.262,2.269,2.607,1.622,0.554,1.299,1.47,1.183,2.447,2.377,1.936,1.502,2.413,2.218,3.625,2.167,1.961
64,"Eswatini, Kingdom of",SZ,SWZ,"Temperature change with respect to a baseline climatology, corresponding to the period 1951-1980",Degree Celsius,"Food and Agriculture Organization of the United Nations (FAO). 2022. FAOSTAT Climate Change, Climate Indicators, Temperature change. License: CC BY-NC-SA 3.0 IGO. Extracted from: https://www.fao.org/faostat/en/#data/ET. Accessed on 2023-03-28.",ECCS,Surface Temperature Change,"Environment, Climate Change, Climate Indicators, Surface Temperature Change",0.268,0.433,-0.21,0.022,-0.224,0.295,-0.274,-0.431,0.346,0.5,-0.002,-0.395,0.112,-0.233,-0.353,-0.436,0.305,0.188,0.234,-0.13,-0.429,0.17,0.915,-0.04,0.571,0.321,0.567,0.608,0.142,0.281,0.53,1.147,0.733,-0.006,0.585,-0.042,0.235,0.991,0.505,-0.061,0.517,0.601,0.715,0.525,1.153,0.365,1.133,0.64,0.383,1.287,0.897,0.696,0.566,0.781,1.235,1.216,0.688,1.064,1.623,0.77,0.669,1.371
65,"Ethiopia, The Federal Dem. Rep. of",ET,ETH,"Temperature change with respect to a baseline climatology, corresponding to the period 1951-1980",Degree Celsius,"Food and Agriculture Organization of the United Nations (FAO). 2022. FAOSTAT Climate Change, Climate Indicators, Temperature change. License: CC BY-NC-SA 3.0 IGO. Extracted from: https://www.fao.org/faostat/en/#data/ET. Accessed on 2023-03-28.",ECCS,Surface Temperature Change,"Environment, Climate Change, Climate Indicators, Surface Temperature Change",,,,,,,,,,,,,,,,,,,,,,,,,,,,,,,,,0.132,0.483,0.718,0.689,0.619,0.772,0.305,0.565,0.729,1.031,1.092,0.834,1.092,1.003,0.88,0.832,1.339,1.276,1.174,1.104,1.229,1.187,1.442,1.532,1.496,0.986,1.32,1.343,1.516,1.455
66,Falkland Islands (Malvinas),FK,FLK,"Temperature change with respect to a baseline climatology, corresponding to the period 1951-1980",Degree Celsius,"Food and Agriculture Organization of the United Nations (FAO). 2022. FAOSTAT Climate Change, Climate Indicators, Temperature change. License: CC BY-NC-SA 3.0 IGO. Extracted from: https://www.fao.org/faostat/en/#data/ET. Accessed on 2023-03-28.",ECCS,Surface Temperature Change,"Environment, Climate Change, Climate Indicators, Surface Temperature Change",-0.351,0.401,-0.286,-0.082,0.178,-0.606,0.011,0.286,-0.348,0.203,-0.223,-0.505,0.219,0.211,0.128,-0.223,-0.089,0.228,0.644,0.186,0.186,,,,,,,,,,,,,,,,,,,,,,,,,,,,,,,,,,,,,,,,,
67,Faroe Islands,FO,FRO,"Temperature change with respect to a baseline climatology, corresponding to the period 1951-1980",Degree Celsius,"Food and Agriculture Organization of the United Nations (FAO). 2022. FAOSTAT Climate Change, Climate Indicators, Temperature change. License: CC BY-NC-SA 3.0 IGO. Extracted from: https://www.fao.org/faostat/en/#data/ET. Accessed on 2023-03-28.",ECCS,Surface Temperature Change,"Environment, Climate Change, Climate Indicators, Surface Temperature Change",0.63,-0.48,-0.056,0.478,-0.354,-0.393,-0.12,-0.25,-0.344,-0.51,0.245,0.672,-0.049,0.501,-0.024,0.508,-0.311,-0.11,-0.873,0.041,-0.364,0.223,-0.266,0.489,-0.118,-0.119,0.221,0.303,0.53,0.801,1.113,0.812,-0.053,-0.172,-0.31,0.202,0.755,0.553,0.469,0.188,0.461,1.034,1.604,1.019,0.487,1.136,0.952,0.89,1.441,0.26,1.055,0.359,0.597,1.764,0.813,0.803,1.49,0.831,0.877,0.839,1.012,1.396
68,"Fiji, Rep. of",FJ,FJI,"Temperature change with respect to a baseline climatology, corresponding to the period 1951-1980",Degree Celsius,"Food and Agriculture Organization of the United Nations (FAO). 2022. FAOSTAT Climate Change, Climate Indicators, Temperature change. License: CC BY-NC-SA 3.0 IGO. Extracted from: https://www.fao.org/faostat/en/#data/ET. Accessed on 2023-03-28.",ECCS,Surface Temperature Change,"Environment, Climate Change, Climate Indicators, Surface Temperature Change",0.219,-0.083,-0.046,0.185,-0.643,-0.293,-0.286,-0.103,-0.075,0.118,0.157,-0.208,0.446,0.221,0.227,-0.004,-0.079,-0.002,0.154,0.195,0.161,0.151,0.111,0.358,0.317,-0.103,0.206,0.846,0.247,0.348,0.09,0.039,-0.319,-0.133,0.385,0.445,0.152,0.765,0.538,0.706,0.728,0.72,0.581,0.526,0.698,0.636,1.032,0.584,0.409,0.978,0.898,0.589,0.916,0.646,0.517,0.97,1.127,0.953,1.065,1.237,1.075,1.346
69,Finland,FI,FIN,"Temperature change with respect to a baseline climatology, corresponding to the period 1951-1980",Degree Celsius,"Food and Agriculture Organization of the United Nations (FAO). 2022. FAOSTAT Climate Change, Climate Indicators, Temperature change. License: CC BY-NC-SA 3.0 IGO. Extracted from: https://www.fao.org/faostat/en/#data/ET. Accessed on 2023-03-28.",ECCS,Surface Temperature Change,"Environment, Climate Change, Climate Indicators, Surface Temperature Change",1.892,-0.339,-0.401,0.338,-0.263,-1.801,1.088,-1.634,-0.478,-0.629,-0.452,0.933,1.138,1.121,1.893,-0.877,-0.227,-0.526,-0.755,-0.38,-0.24,-0.155,0.964,0.757,-1.177,-0.181,-1.652,0.579,2.179,1.249,1.138,1.165,0.937,0.146,1.701,0.137,0.783,0.071,1.159,2.024,1.365,1.171,0.713,1.233,2.201,1.204,1.946,2.13,1.695,0.242,1.354,1.54,1.424,2.591,2.613,2.151,1.487,2.157,1.452,3.317,1.938,2.062
70,France,FR,FRA,"Temperature change with respect to a baseline climatology, corresponding to the period 1951-1980",Degree Celsius,"Food and Agriculture Organization of the United Nations (FAO). 2022. FAOSTAT Climate Change, Climate Indicators, Temperature change. License: CC BY-NC-SA 3.0 IGO. Extracted from: https://www.fao.org/faostat/en/#data/ET. Accessed on 2023-03-28.",ECCS,Surface Temperature Change,"Environment, Climate Change, Climate Indicators, Surface Temperature Change",0.827,-0.301,-0.955,0.025,-0.625,0.421,0.494,-0.073,0.024,-0.092,-0.161,-0.325,0.059,-0.081,0.483,0.368,0.015,-0.216,-0.187,-0.217,0.097,0.812,0.721,-0.082,-0.338,-0.003,0.001,0.773,1.278,1.591,0.257,0.659,0.325,1.547,1.326,0.188,1.24,0.947,1.199,1.175,1.391,1.054,1.8,0.969,1.02,1.306,1.407,0.992,1.212,0.395,1.534,1.22,0.714,2.049,1.612,1.794,1.796,2.06,2.023,2.551,1.337,2.929
71,French Polynesia,PF,PYF,"Temperature change with respect to a baseline climatology, corresponding to the period 1951-1980",Degree Celsius,"Food and Agriculture Organization of the United Nations (FAO). 2022. FAOSTAT Climate Change, Climate Indicators, Temperature change. License: CC BY-NC-SA 3.0 IGO. Extracted from: https://www.fao.org/faostat/en/#data/ET. Accessed on 2023-03-28.",ECCS,Surface Temperature Change,"Environment, Climate Change, Climate Indicators, Surface Temperature Change",0.207,-0.046,0.037,-0.137,-0.083,0.081,-0.274,-0.516,0.301,0.182,-0.342,0.119,0.325,-0.342,-0.247,-0.25,0.243,-0.074,0.105,0.225,0.132,0.323,0.189,0.412,0.154,0.278,0.478,0.356,0.159,0.397,0.341,0.352,0.141,0.543,0.582,0.188,0.335,0.633,0.456,0.329,0.502,0.796,0.703,0.531,0.672,0.841,0.85,0.357,0.8,0.76,0.214,0.722,0.536,0.616,0.681,1.127,0.901,0.631,0.857,0.829,0.791,0.359
72,Gabon,GA,GAB,"Temperature change with respect to a baseline climatology, corresponding to the period 1951-1980",Degree Celsius,"Food and Agriculture Organization of the United Nations (FAO). 2022. FAOSTAT Climate Change, Climate Indicators, Temperature change. License: CC BY-NC-SA 3.0 IGO. Extracted from: https://www.fao.org/faostat/en/#data/ET. Accessed on 2023-03-28.",ECCS,Surface Temperature Change,"Environment, Climate Change, Climate Indicators, Surface Temperature Change",-0.139,-0.063,0.232,-0.148,-0.164,0.14,-0.127,-0.138,0.11,0.142,-0.053,-0.064,0.468,-0.084,-0.126,-0.335,0.185,0.069,0.385,0.307,-0.176,-0.374,0.174,0.204,-0.219,-0.126,0.272,0.232,-0.023,0.124,0.081,-0.166,0.19,0.187,0.582,0.104,0.292,1.119,0.589,0.307,0.286,0.662,0.893,0.831,0.808,0.737,0.926,0.782,0.824,1.08,0.657,0.615,0.794,0.805,1.024,1.505,1.353,1.026,1.534,1.377,1.063,0.994
73,"Gambia, The",GM,GMB,"Temperature change with respect to a baseline climatology, corresponding to the period 1951-1980",Degree Celsius,"Food and Agriculture Organization of the United Nations (FAO). 2022. FAOSTAT Climate Change, Climate Indicators, Temperature change. License: CC BY-NC-SA 3.0 IGO. Extracted from: https://www.fao.org/faostat/en/#data/ET. Accessed on 2023-03-28.",ECCS,Surface Temperature Change,"Environment, Climate Change, Climate Indicators, Surface Temperature Change",-0.138,-0.047,0.13,-0.192,-0.463,-0.086,-0.381,-0.547,0.832,0.399,-0.054,0.311,0.685,-0.212,-0.164,-0.057,0.489,0.422,0.63,0.82,0.622,0.326,1.131,0.636,0.384,0.665,1.068,0.829,0.609,1.139,0.81,0.852,1.045,0.814,0.878,1.122,1.323,1.555,0.75,0.958,1.316,1.38,1.103,1.188,1.498,1.221,1.09,1.376,0.688,1.324,1.06,0.89,1.001,1.188,1.2,1.635,1.741,1.028,1.349,1.77,1.675,1.323
74,Georgia,GE,GEO,"Temperature change with respect to a baseline climatology, corresponding to the period 1951-1980",Degree Celsius,"Food and Agriculture Organization of the United Nations (FAO). 2022. FAOSTAT Climate Change, Climate Indicators, Temperature change. License: CC BY-NC-SA 3.0 IGO. Extracted from: https://www.fao.org/faostat/en/#data/ET. Accessed on 2023-03-28.",ECCS,Surface Temperature Change,"Environment, Climate Change, Climate Indicators, Surface Temperature Change",,,,,,,,,,,,,,,,,,,,,,,,,,,,,,,,-1.157,-1.204,0.451,0.748,0.189,0.266,1.26,1.229,0.967,1.286,1.06,-0.239,0.923,0.542,1.277,0.908,0.699,0.714,2.486,0.432,1.22,1.401,1.277,1.78,1.365,0.809,2.51,1.753,2.006,1.65,1.51
75,Germany,DE,DEU,"Temperature change with respect to a baseline climatology, corresponding to the period 1951-1980",Degree Celsius,"Food and Agriculture Organization of the United Nations (FAO). 2022. FAOSTAT Climate Change, Climate Indicators, Temperature change. License: CC BY-NC-SA 3.0 IGO. Extracted from: https://www.fao.org/faostat/en/#data/ET. Accessed on 2023-03-28.",ECCS,Surface Temperature Change,"Environment, Climate Change, Climate Indicators, Surface Temperature Change",0.99,-0.75,-1.084,-0.328,-0.814,0.407,0.868,0.204,-0.111,-0.832,0.032,-0.014,0.188,0.318,1.099,0.47,0.283,-0.173,-0.64,-0.186,0.296,0.439,1.071,-0.11,-0.8,-0.007,-0.561,0.893,1.491,1.571,0.286,1.228,0.31,1.625,1.307,-0.699,0.558,1.153,1.367,1.764,1.292,1.491,1.258,0.998,1.025,1.254,2.088,1.542,1.282,0.196,1.121,1.349,0.583,2.519,1.674,1.988,1.653,2.393,2.332,2.516,1.325,2.596
76,Ghana,GH,GHA,"Temperature change with respect to a baseline climatology, corresponding to the period 1951-1980",Degree Celsius,"Food and Agriculture Organization of the United Nations (FAO). 2022. FAOSTAT Climate Change, Climate Indicators, Temperature change. License: CC BY-NC-SA 3.0 IGO. Extracted from: https://www.fao.org/faostat/en/#data/ET. Accessed on 2023-03-28.",ECCS,Surface Temperature Change,"Environment, Climate Change, Climate Indicators, Surface Temperature Change",-0.07,-0.154,0.141,-0.233,-0.17,0.068,-0.232,-0.17,0.266,0.302,-0.145,0.024,0.564,0.011,-0.228,-0.353,0.296,0.067,0.561,0.446,0.181,0.177,0.691,0.665,0.357,0.294,0.985,0.645,0.237,0.526,0.394,0.153,0.473,0.564,0.695,0.657,0.502,1.14,0.564,0.43,0.565,0.825,0.988,0.739,0.967,0.991,0.946,0.698,0.884,1.276,0.883,0.614,0.841,0.887,1.132,1.217,1.292,1.081,1.32,1.284,1.494,0.996
77,Gibraltar,GI,GIB,"Temperature change with respect to a baseline climatology, corresponding to the period 1951-1980",Degree Celsius,"Food and Agriculture Organization of the United Nations (FAO). 2022. FAOSTAT Climate Change, Climate Indicators, Temperature change. License: CC BY-NC-SA 3.0 IGO. Extracted from: https://www.fao.org/faostat/en/#data/ET. Accessed on 2023-03-28.",ECCS,Surface Temperature Change,"Environment, Climate Change, Climate Indicators, Surface Temperature Change",0.595,0.536,0.022,0.483,-0.087,0.228,-0.125,0.016,-0.31,-0.048,-0.81,-0.865,-0.157,-0.369,-0.177,-0.469,-0.144,0.213,0.396,0.312,0.358,0.481,0.382,-0.15,0.592,0.227,0.497,0.782,0.908,1.202,0.111,0.176,-0.128,0.736,1.315,0.747,1.47,1.109,0.715,0.829,1.28,0.862,1.4,1.027,0.841,1.425,0.83,0.982,1.283,1.318,1.618,0.924,0.869,1.417,1.382,1.726,2.005,0.739,1.3,1.923,1.504,2.228
78,Greece,GR,GRC,"Temperature change with respect to a baseline climatology, corresponding to the period 1951-1980",Degree Celsius,"Food and Agriculture Organization of the United Nations (FAO). 2022. FAOSTAT Climate Change, Climate Indicators, Temperature change. License: CC BY-NC-SA 3.0 IGO. Extracted from: https://www.fao.org/faostat/en/#data/ET. Accessed on 2023-03-28.",ECCS,Surface Temperature Change,"Environment, Climate Change, Climate Indicators, Surface Temperature Change",0.479,0.619,0.305,-0.301,-0.322,0.79,-0.194,0.182,-0.09,0.269,-0.222,-0.177,-0.357,-0.193,-0.25,-0.916,0.33,-0.555,0.179,-0.379,-0.191,-0.243,-0.493,-0.123,-0.063,0.312,-0.395,0.129,-0.204,0.368,-0.197,-0.528,-0.328,1.06,-0.043,-0.161,-0.195,0.632,0.8,0.679,1.314,0.435,0.385,0.337,0.213,0.254,1.08,0.881,0.771,1.584,0.394,1.235,1.317,1.06,0.904,1.561,0.642,1.905,1.381,1.307,1.655,1.04
79,Greenland,GL,GRL,"Temperature change with respect to a baseline climatology, corresponding to the period 1951-1980",Degree Celsius,"Food and Agriculture Organization of the United Nations (FAO). 2022. FAOSTAT Climate Change, Climate Indicators, Temperature change. License: CC BY-NC-SA 3.0 IGO. Extracted from: https://www.fao.org/faostat/en/#data/ET. Accessed on 2023-03-28.",ECCS,Surface Temperature Change,"Environment, Climate Change, Climate Indicators, Surface Temperature Change",-0.295,0.842,0.308,0.257,0.8,-0.212,-0.371,-0.26,-0.252,-0.224,-0.784,-0.841,-0.987,0.306,-1.093,-0.259,0.76,-0.682,0.498,0.919,-0.36,-0.642,-2.062,-1.455,0.891,0.381,-0.121,0.513,-1.537,-0.348,-0.291,-1.228,-1.355,-0.425,-0.328,0.667,0.391,1.269,0.522,0.839,0.831,1.186,2.328,1.469,1.878,1.717,1.363,0.959,0.851,3.058,1.684,1.625,1.381,1.447,0.205,2.381,1.21,0.934,2.206,1.274,2.482,1.413
80,Grenada,GD,GRD,"Temperature change with respect to a baseline climatology, corresponding to the period 1951-1980",Degree Celsius,"Food and Agriculture Organization of the United Nations (FAO). 2022. FAOSTAT Climate Change, Climate Indicators, Temperature change. License: CC BY-NC-SA 3.0 IGO. Extracted from: https://www.fao.org/faostat/en/#data/ET. Accessed on 2023-03-28.",ECCS,Surface Temperature Change,"Environment, Climate Change, Climate Indicators, Surface Temperature Change",0.114,0.053,0.309,-0.052,-0.196,0.065,-0.233,-0.139,0.504,0.299,-0.303,-0.117,0.073,-0.447,-0.396,-0.24,-0.127,0.067,0.274,0.212,0.331,0.085,0.36,-0.048,-0.429,-0.192,0.442,0.446,-0.169,0.203,0.398,0.388,0.431,0.456,0.71,0.471,0.63,1.187,0.617,0.462,0.691,0.627,0.905,0.433,1.004,0.739,0.678,0.502,0.507,1.201,0.677,0.584,0.776,0.641,0.837,0.945,0.92,0.543,1.169,1.235,0.767,0.698
81,Guadeloupe,GP,GLP,"Temperature change with respect to a baseline climatology, corresponding to the period 1951-1980",Degree Celsius,"Food and Agriculture Organization of the United Nations (FAO). 2022. FAOSTAT Climate Change, Climate Indicators, Temperature change. License: CC BY-NC-SA 3.0 IGO. Extracted from: https://www.fao.org/faostat/en/#data/ET. Accessed on 2023-03-28.",ECCS,Surface Temperature Change,"Environment, Climate Change, Climate Indicators, Surface Temperature Change",0.041,0.048,0.249,0.15,-0.341,0.051,-0.238,-0.211,0.337,0.123,-0.245,-0.147,0.167,-0.381,-0.366,-0.434,0.074,0.117,0.099,0.59,0.5,0.099,0.494,0.038,-0.026,0.01,0.589,0.426,-0.032,0.432,0.448,0.401,0.524,0.564,0.671,0.386,0.51,1.035,0.515,0.279,0.557,0.695,0.816,0.507,0.827,0.698,0.921,0.405,0.547,1.137,0.539,0.671,0.75,0.763,0.998,1.095,0.907,0.62,0.803,1.16,0.826,0.773
82,Guatemala,GT,GTM,"Temperature change with respect to a baseline climatology, corresponding to the period 1951-1980",Degree Celsius,"Food and Agriculture Organization of the United Nations (FAO). 2022. FAOSTAT Climate Change, Climate Indicators, Temperature change. License: CC BY-NC-SA 3.0 IGO. Extracted from: https://www.fao.org/faostat/en/#data/ET. Accessed on 2023-03-28.",ECCS,Surface Temperature Change,"Environment, Climate Change, Climate Indicators, Surface Temperature Change",-0.045,-0.131,-0.096,-0.052,-0.066,-0.057,-0.366,-0.337,0.413,-0.106,-0.141,0.429,0.458,-0.281,0.137,-0.392,0.225,0.128,0.332,0.432,-0.016,0.457,0.649,0.116,0.164,0.125,0.31,0.481,0.132,0.309,0.624,0.445,0.346,0.592,0.595,0.09,0.71,0.867,0.558,0.31,0.344,0.556,0.99,0.611,0.801,0.612,0.597,0.213,0.692,0.685,0.429,0.52,0.624,0.638,1.143,1.425,1.069,0.884,1.418,1.728,1.406,0.916
83,Guinea,GN,GIN,"Temperature change with respect to a baseline climatology, corresponding to the period 1951-1980",Degree Celsius,"Food and Agriculture Organization of the United Nations (FAO). 2022. FAOSTAT Climate Change, Climate Indicators, Temperature change. License: CC BY-NC-SA 3.0 IGO. Extracted from: https://www.fao.org/faostat/en/#data/ET. Accessed on 2023-03-28.",ECCS,Surface Temperature Change,"Environment, Climate Change, Climate Indicators, Surface Temperature Change",-0.145,-0.137,0.16,-0.18,-0.095,-0.003,-0.237,-0.151,0.459,0.345,-0.131,0.203,0.579,-0.063,-0.248,-0.242,0.203,0.192,0.491,0.636,0.337,0.215,0.635,0.38,0.382,0.077,0.81,0.61,0.116,0.653,0.679,0.33,0.702,0.471,0.486,0.791,0.785,1.194,0.512,0.651,0.792,1.13,0.979,1.04,1.19,1.117,0.974,1.113,0.931,1.321,1.095,0.556,1.068,0.857,1.155,1.167,1.522,1.188,1.408,1.26,1.559,1.195
84,Guinea-Bissau,GW,GNB,"Temperature change with respect to a baseline climatology, corresponding to the period 1951-1980",Degree Celsius,"Food and Agriculture Organization of the United Nations (FAO). 2022. FAOSTAT Climate Change, Climate Indicators, Temperature change. License: CC BY-NC-SA 3.0 IGO. Extracted from: https://www.fao.org/faostat/en/#data/ET. Accessed on 2023-03-28.",ECCS,Surface Temperature Change,"Environment, Climate Change, Climate Indicators, Surface Temperature Change",-0.13,-0.071,0.157,-0.227,-0.383,-0.046,-0.269,-0.432,0.723,0.345,-0.059,0.263,0.579,-0.15,-0.195,-0.109,0.358,0.294,0.487,0.645,0.473,0.282,0.902,0.516,0.361,0.495,0.828,0.669,0.441,0.96,0.786,0.71,0.893,0.744,0.798,0.955,1.129,1.56,0.746,0.996,1.244,1.281,1.04,1.171,1.401,1.186,1.034,1.362,0.811,1.328,1.092,0.795,1.055,1.168,1.192,1.572,1.674,1.125,1.419,1.663,1.66,1.295
85,Guyana,GY,GUY,"Temperature change with respect to a baseline climatology, corresponding to the period 1951-1980",Degree Celsius,"Food and Agriculture Organization of the United Nations (FAO). 2022. FAOSTAT Climate Change, Climate Indicators, Temperature change. License: CC BY-NC-SA 3.0 IGO. Extracted from: https://www.fao.org/faostat/en/#data/ET. Accessed on 2023-03-28.",ECCS,Surface Temperature Change,"Environment, Climate Change, Climate Indicators, Surface Temperature Change",0.043,-0.009,-0.188,0.32,-0.065,0.212,-0.083,-0.274,0.439,0.489,-0.486,-0.024,0.084,-0.462,-0.301,-0.354,0.083,-0.028,0.341,0.322,0.185,0.41,0.539,-0.351,-0.329,0.015,0.495,0.4,-0.044,0.527,0.286,0.131,0.178,0.482,0.988,0.61,0.884,1.287,0.405,0.658,0.825,1.074,0.948,0.942,1.321,1.003,1.025,0.558,1.162,1.115,0.968,0.958,0.894,1.071,1.352,1.506,1.149,1.137,1.178,1.4,0.875,1.066
86,Haiti,HT,HTI,"Temperature change with respect to a baseline climatology, corresponding to the period 1951-1980",Degree Celsius,"Food and Agriculture Organization of the United Nations (FAO). 2022. FAOSTAT Climate Change, Climate Indicators, Temperature change. License: CC BY-NC-SA 3.0 IGO. Extracted from: https://www.fao.org/faostat/en/#data/ET. Accessed on 2023-03-28.",ECCS,Surface Temperature Change,"Environment, Climate Change, Climate Indicators, Surface Temperature Change",-0.012,-0.049,-0.111,0.223,-0.31,-0.025,-0.209,-0.272,0.174,-0.123,-0.17,0.015,0.356,-0.342,0.22,-0.431,0.353,0.191,0.219,0.637,0.444,0.571,0.622,0.305,0.163,0.282,0.842,0.721,0.396,0.694,0.775,0.59,0.45,1.198,1.188,0.685,1.099,1.244,1.147,0.858,0.758,0.953,1.24,0.888,1.042,0.935,1.151,0.624,0.806,1.206,0.489,0.759,1.133,1.306,1.384,1.164,1.061,1.277,1.507,1.537,0.883,1.095
87,Holy See,VA,VAT,"Temperature change with respect to a baseline climatology, corresponding to the period 1951-1980",Degree Celsius,"Food and Agriculture Organization of the United Nations (FAO). 2022. FAOSTAT Climate Change, Climate Indicators, Temperature change. License: CC BY-NC-SA 3.0 IGO. Extracted from: https://www.fao.org/faostat/en/#data/ET. Accessed on 2023-03-28.",ECCS,Surface Temperature Change,"Environment, Climate Change, Climate Indicators, Surface Temperature Change",0.735,0.079,-0.137,0.199,-0.415,0.264,0.169,0.036,0.002,-0.13,-0.258,-0.165,0.02,-0.213,-0.133,-0.412,0.317,-0.585,0.115,-0.53,-0.446,0.594,0.274,-0.571,0.286,0.55,0.195,0.755,0.148,1.125,-0.017,0.533,0.48,1.474,0.2,0.361,0.857,0.944,0.79,1.177,1.487,0.716,1.501,0.478,0.479,0.609,1.305,0.958,1.042,0.774,1.047,1.492,0.866,1.37,1.518,1.598,1.318,1.837,1.591,1.734,1.546,2.028
88,Honduras,HN,HND,"Temperature change with respect to a baseline climatology, corresponding to the period 1951-1980",Degree Celsius,"Food and Agriculture Organization of the United Nations (FAO). 2022. FAOSTAT Climate Change, Climate Indicators, Temperature change. License: CC BY-NC-SA 3.0 IGO. Extracted from: https://www.fao.org/faostat/en/#data/ET. Accessed on 2023-03-28.",ECCS,Surface Temperature Change,"Environment, Climate Change, Climate Indicators, Surface Temperature Change",-0.058,-0.162,-0.229,-0.029,-0.055,0.006,-0.286,-0.319,0.243,-0.124,-0.161,0.269,0.507,-0.327,0.068,-0.248,0.337,0.25,0.407,0.434,0.108,0.449,0.581,0.073,0.14,0.138,0.391,0.621,0.191,0.258,0.493,0.481,0.203,0.774,0.876,0.075,0.797,1.018,0.384,0.128,0.396,0.776,0.672,0.491,0.956,0.621,0.769,0.566,0.811,0.806,0.73,0.639,0.915,0.666,1.126,1.368,1.034,0.804,1.233,1.813,1.098,0.723
89,Hungary,HU,HUN,"Temperature change with respect to a baseline climatology, corresponding to the period 1951-1980",Degree Celsius,"Food and Agriculture Organization of the United Nations (FAO). 2022. FAOSTAT Climate Change, Climate Indicators, Temperature change. License: CC BY-NC-SA 3.0 IGO. Extracted from: https://www.fao.org/faostat/en/#data/ET. Accessed on 2023-03-28.",ECCS,Surface Temperature Change,"Environment, Climate Change, Climate Indicators, Surface Temperature Change",1.176,-0.419,-0.463,-0.877,-0.883,0.755,0.594,0.383,-0.276,-0.508,-0.063,0.39,-0.033,0.263,0.857,-0.274,0.549,-0.871,0.047,-0.62,0.146,0.105,0.997,-0.129,-1.068,0.356,-0.547,0.385,0.864,1.07,-0.058,0.911,0.069,1.755,0.631,-0.34,-0.148,1.081,0.603,1.733,1.391,1.423,0.71,0.543,0.236,0.699,2.142,1.495,1.613,0.806,0.891,1.727,1.159,2.229,2.067,1.89,1.336,2.524,2.353,1.99,1.43,2.142
90,Iceland,IS,ISL,"Temperature change with respect to a baseline climatology, corresponding to the period 1951-1980",Degree Celsius,"Food and Agriculture Organization of the United Nations (FAO). 2022. FAOSTAT Climate Change, Climate Indicators, Temperature change. License: CC BY-NC-SA 3.0 IGO. Extracted from: https://www.fao.org/faostat/en/#data/ET. Accessed on 2023-03-28.",ECCS,Surface Temperature Change,"Environment, Climate Change, Climate Indicators, Surface Temperature Change",0.547,-0.27,-0.091,1.097,-0.131,-0.498,-0.597,-0.635,-0.9,-0.617,-0.005,0.777,-0.099,0.522,-0.42,0.377,-0.258,0.054,-1.239,0.407,-0.909,-0.258,-0.863,0.204,0.164,-0.077,0.685,-0.088,-0.174,0.169,0.766,0.231,0.225,-0.108,-0.33,0.562,0.436,0.238,0.471,0.274,0.584,0.784,1.784,1.235,0.448,1.032,1.101,0.753,0.907,1.147,0.959,0.667,0.687,1.66,0.419,1.411,1.694,0.82,1.339,0.786,0.921,1.201
91,India,IN,IND,"Temperature change with respect to a baseline climatology, corresponding to the period 1951-1980",Degree Celsius,"Food and Agriculture Organization of the United Nations (FAO). 2022. FAOSTAT Climate Change, Climate Indicators, Temperature change. License: CC BY-NC-SA 3.0 IGO. Extracted from: https://www.fao.org/faostat/en/#data/ET. Accessed on 2023-03-28.",ECCS,Surface Temperature Change,"Environment, Climate Change, Climate Indicators, Surface Temperature Change",-0.208,-0.479,-0.03,-0.03,-0.072,0.29,-0.21,-0.234,0.303,0.033,-0.519,0.012,0.332,0.034,-0.308,0.003,0.155,-0.15,0.305,0.401,0.072,-0.017,-0.135,-0.107,0.211,0.19,0.578,0.504,-0.018,-0.081,0.19,0.035,0.223,0.107,0.238,0.339,-0.064,0.614,0.468,0.35,0.473,0.827,0.665,0.545,0.567,0.638,0.607,0.263,1.134,1.129,0.365,0.516,0.451,0.53,0.711,1.088,0.966,0.874,0.802,0.52,0.733,0.79
92,Indonesia,ID,IDN,"Temperature change with respect to a baseline climatology, corresponding to the period 1951-1980",Degree Celsius,"Food and Agriculture Organization of the United Nations (FAO). 2022. FAOSTAT Climate Change, Climate Indicators, Temperature change. License: CC BY-NC-SA 3.0 IGO. Extracted from: https://www.fao.org/faostat/en/#data/ET. Accessed on 2023-03-28.",ECCS,Surface Temperature Change,"Environment, Climate Change, Climate Indicators, Surface Temperature Change",-0.096,-0.03,-0.134,-0.036,-0.257,0.025,-0.163,-0.069,0.151,0.129,-0.15,-0.054,0.264,-0.111,-0.131,-0.012,0.118,0.176,0.235,0.29,0.2,0.036,0.405,-0.11,0.151,0.138,0.514,0.437,0.13,0.089,0.273,0.341,0.289,0.343,0.382,0.428,0.463,1.05,0.282,0.275,0.53,0.607,0.594,0.54,0.71,0.422,0.464,0.223,0.563,0.766,0.306,0.459,0.799,0.812,0.841,1.488,1.055,0.973,1.118,1.322,1.11,1.085
93,"Iran, Islamic Rep. of",IR,IRN,"Temperature change with respect to a baseline climatology, corresponding to the period 1951-1980",Degree Celsius,"Food and Agriculture Organization of the United Nations (FAO). 2022. FAOSTAT Climate Change, Climate Indicators, Temperature change. License: CC BY-NC-SA 3.0 IGO. Extracted from: https://www.fao.org/faostat/en/#data/ET. Accessed on 2023-03-28.",ECCS,Surface Temperature Change,"Environment, Climate Change, Climate Indicators, Surface Temperature Change",-0.068,0.263,0.755,-0.667,-0.28,0.748,-0.271,-0.246,-0.342,0.978,0.097,-0.959,-0.199,-0.677,-0.218,-0.555,0.394,0.274,0.684,0.54,0.677,-0.12,-0.111,0.151,0.243,0.207,0.536,0.706,0.22,0.727,0.389,-0.757,-0.017,0.802,0.698,0.239,0.644,1.165,1.658,1.215,1.525,1.716,0.943,1.528,0.828,1.847,0.874,1.136,1.177,2.214,1.345,1.09,1.642,1.079,1.856,1.669,1.737,2.044,1.597,1.346,2.176,2.37
94,Iraq,IQ,IRQ,"Temperature change with respect to a baseline climatology, corresponding to the period 1951-1980",Degree Celsius,"Food and Agriculture Organization of the United Nations (FAO). 2022. FAOSTAT Climate Change, Climate Indicators, Temperature change. License: CC BY-NC-SA 3.0 IGO. Extracted from: https://www.fao.org/faostat/en/#data/ET. Accessed on 2023-03-28.",ECCS,Surface Temperature Change,"Environment, Climate Change, Climate Indicators, Surface Temperature Change",-0.189,0.885,0.433,-0.81,-0.134,0.964,-0.843,-0.275,0.241,0.661,-0.178,-0.731,-0.245,-0.434,-0.239,-0.777,0.313,0.162,1.264,0.058,0.257,-0.406,-0.802,0.036,0.021,0.37,0.368,0.106,0.176,0.356,0.608,-1.169,-0.469,1.009,0.366,0.798,0.305,1.295,1.917,0.995,1.289,1.168,0.96,1.084,0.526,1.621,0.935,1.155,0.881,2.712,0.91,1.293,1.263,1.175,1.94,1.672,1.572,2.406,1.626,1.857,2.644,2.147
95,Ireland,IE,IRL,"Temperature change with respect to a baseline climatology, corresponding to the period 1951-1980",Degree Celsius,"Food and Agriculture Organization of the United Nations (FAO). 2022. FAOSTAT Climate Change, Climate Indicators, Temperature change. License: CC BY-NC-SA 3.0 IGO. Extracted from: https://www.fao.org/faostat/en/#data/ET. Accessed on 2023-03-28.",ECCS,Surface Temperature Change,"Environment, Climate Change, Climate Indicators, Surface Temperature Change",0.264,-0.688,-0.773,0.158,-0.554,-0.033,-0.009,0.072,-0.265,0.06,0.342,-0.268,0.362,-0.211,0.701,0.561,-0.279,0.257,-0.687,-0.057,0.377,0.154,0.408,0.336,-0.439,-0.726,-0.143,0.246,1.054,0.829,0.199,0.446,0.064,0.282,1.198,-0.006,0.977,0.937,1.077,0.577,0.551,0.83,1.024,0.9,1.175,1.159,1.345,0.836,0.804,-0.104,0.559,0.705,0.568,1.357,0.449,1.04,1.264,0.783,1.201,1.075,1.019,1.764
96,Isle of Man,IM,IMN,"Temperature change with respect to a baseline climatology, corresponding to the period 1951-1980",Degree Celsius,"Food and Agriculture Organization of the United Nations (FAO). 2022. FAOSTAT Climate Change, Climate Indicators, Temperature change. License: CC BY-NC-SA 3.0 IGO. Extracted from: https://www.fao.org/faostat/en/#data/ET. Accessed on 2023-03-28.",ECCS,Surface Temperature Change,"Environment, Climate Change, Climate Indicators, Surface Temperature Change",0.358,-0.746,-0.82,0.095,-0.579,-0.1,0.105,0.035,-0.287,0.049,0.316,-0.19,0.297,-0.2,0.697,0.661,-0.339,0.209,-0.777,-0.031,0.292,0.076,0.381,0.356,-0.489,-0.684,-0.222,0.27,1.105,0.913,0.178,0.462,-0.037,0.269,1.164,-0.112,0.924,0.928,1.112,0.636,0.516,0.891,1.049,0.952,1.165,1.229,1.321,0.829,0.874,-0.111,0.681,0.61,0.428,1.515,0.441,1.118,1.367,0.881,1.175,1.199,1.02,1.84
97,Israel,IL,ISR,"Temperature change with respect to a baseline climatology, corresponding to the period 1951-1980",Degree Celsius,"Food and Agriculture Organization of the United Nations (FAO). 2022. FAOSTAT Climate Change, Climate Indicators, Temperature change. License: CC BY-NC-SA 3.0 IGO. Extracted from: https://www.fao.org/faostat/en/#data/ET. Accessed on 2023-03-28.",ECCS,Surface Temperature Change,"Environment, Climate Change, Climate Indicators, Surface Temperature Change",-0.106,0.826,0.842,-0.622,-0.031,0.61,-0.928,-0.118,0.238,0.184,-0.353,-0.513,-0.481,-0.26,-0.414,-0.577,0.005,-0.079,0.607,-0.202,-0.213,-0.564,-1.066,-0.209,0.01,0.056,-0.283,0.037,-0.174,-0.112,0.393,-1.037,-0.368,0.796,-0.153,0.342,-0.118,0.892,0.894,0.25,0.855,0.729,0.559,0.556,0.199,0.593,0.521,0.724,0.824,2.321,0.578,1.035,1.108,0.871,1.331,1.607,0.735,2.003,1.212,1.451,1.786,1.079
98,Italy,IT,ITA,"Temperature change with respect to a baseline climatology, corresponding to the period 1951-1980",Degree Celsius,"Food and Agriculture Organization of the United Nations (FAO). 2022. FAOSTAT Climate Change, Climate Indicators, Temperature change. License: CC BY-NC-SA 3.0 IGO. Extracted from: https://www.fao.org/faostat/en/#data/ET. Accessed on 2023-03-28.",ECCS,Surface Temperature Change,"Environment, Climate Change, Climate Indicators, Surface Temperature Change",0.805,0.025,-0.365,0.131,-0.431,0.307,0.301,0.011,-0.107,-0.153,-0.149,-0.132,0.034,-0.115,0.075,-0.32,0.283,-0.537,0.022,-0.421,-0.279,0.511,0.384,-0.468,0.117,0.436,0.192,0.842,0.417,1.132,0.029,0.542,0.527,1.513,0.418,0.233,0.931,0.969,0.918,1.243,1.533,0.913,1.526,0.746,0.563,0.84,1.552,1.133,1.234,0.755,1.253,1.543,1.006,1.638,1.704,1.716,1.606,1.834,1.698,1.902,1.569,2.135
99,Jamaica,JM,JAM,"Temperature change with respect to a baseline climatology, corresponding to the period 1951-1980",Degree Celsius,"Food and Agriculture Organization of the United Nations (FAO). 2022. FAOSTAT Climate Change, Climate Indicators, Temperature change. License: CC BY-NC-SA 3.0 IGO. Extracted from: https://www.fao.org/faostat/en/#data/ET. Accessed on 2023-03-28.",ECCS,Surface Temperature Change,"Environment, Climate Change, Climate Indicators, Surface Temperature Change",-0.021,-0.038,-0.116,-0.042,-0.219,0.014,-0.214,-0.132,0.238,-0.241,-0.361,0.0,0.309,0.151,0.246,-0.325,,,,0.604,0.852,0.285,0.598,0.178,0.205,0.223,1.093,0.949,0.534,0.56,0.617,0.93,0.607,1.097,1.062,0.531,0.99,1.395,0.753,0.408,0.661,0.943,1.119,0.95,1.037,1.029,0.939,0.551,0.819,1.183,0.578,0.719,0.988,1.212,1.401,1.395,1.076,1.249,1.524,1.623,1.267,1.14
100,Japan,JP,JPN,"Temperature change with respect to a baseline climatology, corresponding to the period 1951-1980",Degree Celsius,"Food and Agriculture Organization of the United Nations (FAO). 2022. FAOSTAT Climate Change, Climate Indicators, Temperature change. License: CC BY-NC-SA 3.0 IGO. Extracted from: https://www.fao.org/faostat/en/#data/ET. Accessed on 2023-03-28.",ECCS,Surface Temperature Change,"Environment, Climate Change, Climate Indicators, Surface Temperature Change",0.668,0.125,-0.053,0.266,-0.519,0.019,0.034,-0.498,-0.049,-0.381,-0.334,0.227,0.325,-0.488,0.041,-0.506,-0.154,0.232,0.458,-0.206,-0.631,-0.041,0.107,-0.605,0.13,-0.686,0.326,-0.154,0.556,1.132,0.726,0.333,0.012,0.965,0.348,-0.127,0.454,1.199,0.948,0.636,0.418,0.63,0.326,1.116,0.737,0.39,1.004,0.671,0.801,0.922,0.596,0.395,0.628,0.56,0.833,1.323,0.796,0.926,1.272,1.437,1.27,1.335
